{"AD":{"name":"安道尔"},"AT":{"name":"奥地利","regions":{"AT_Burgenland":{"name":"布尔根兰"},"AT_Tyrol":{"name":"蒂罗尔"},"AT_Vorarlberg":{"name":"福拉尔贝格"},"AT_Carinthia":{"name":"克恩顿"},"AT_Upper Austria":{"name":"上奥地利"},"AT_Styria":{"name":"施蒂利亚"},"AT_Salzburg":{"name":"萨尔茨堡"},"AT_Vienna":{"name":"维也纳"},"AT_Lower Austria":{"name":"下奥地利"}}},"AU":{"name":"澳大利亚","regions":{"AU_Northern Territory":{"name":"北部地区","regions":{"AU_Northern Territory_Palmerston":{"name":"北帕默斯顿"},"AU_Northern Territory_Darwin":{"name":"达尔文"}}},"AU_Canberra":{"name":"堪培拉"},"AU_Queensland":{"name":"昆士兰","regions":{"AU_Queensland_Brisbane":{"name":"布里斯班"},"AU_Queensland_Gold Coast":{"name":"黄金海岸"},"AU_Queensland_Cairns":{"name":"凯恩斯"},"AU_Queensland_Caloundra":{"name":"卡罗旺德拉"},"AU_Queensland_Townsville":{"name":"汤斯维尔"},"AU_Queensland_Toowoomba":{"name":"图文巴"}}},"AU_South Australia":{"name":"南澳大利亚","regions":{"AU_South Australia_Adelaide":{"name":"阿德莱德"},"AU_South Australia_Port Augusta":{"name":"奥古斯塔"},"AU_South Australia_Mount Gambier":{"name":"甘比亚山"},"AU_South Australia_Whyalla":{"name":"怀阿拉"},"AU_South Australia_Port Lincoln":{"name":"林肯港"},"AU_South Australia_Murray Bridge":{"name":"默里布里奇"},"AU_South Australia_Port Pirie":{"name":"皮里港"},"AU_South Australia_Victor Harbor":{"name":"维克托港"}}},"AU_Tasmania":{"name":"塔斯马尼亚","regions":{"AU_Tasmania_Burnie":{"name":"伯尼港"},"AU_Tasmania_Devonport":{"name":"德文波特"},"AU_Tasmania_Hobart":{"name":"霍巴特"},"AU_Tasmania_Launceston":{"name":"朗塞斯顿"}}},"AU_Victoria":{"name":"维多利亚","regions":{"AU_Victoria_Geelong":{"name":"吉朗"},"AU_Victoria_Melbourne":{"name":"墨尔本"}}},"AU_Western Australia":{"name":"西澳大利亚","regions":{"AU_Western Australia_Albany":{"name":"奥尔巴尼"},"AU_Western Australia_Bunbury":{"name":"班伯里"},"AU_Western Australia_Fremantle":{"name":"弗里曼特尔港"},"AU_Western Australia_Geraldton":{"name":"杰拉尔顿"},"AU_Western Australia_Mandurah":{"name":"曼哲拉"},"AU_Western Australia_Perth":{"name":"珀斯"},"AU_Western Australia_Kalgoorlie":{"name":"卡尔古利"}}},"AU_New South Wales":{"name":"新南威尔士","regions":{"AU_New South Wales_Newcastle":{"name":"纽卡斯尔"},"AU_New South Wales_Wollongong":{"name":"伍伦贡"},"AU_New South Wales_Sydney":{"name":"悉尼"}}}}},"AL":{"name":"阿尔巴尼亚"},"DZ":{"name":"阿尔及利亚"},"IE":{"name":"爱尔兰","regions":{"IE_Offaly":{"name":"奥法利"},"IE_Dublin":{"name":"都柏林"},"IE_Donegal":{"name":"多内加尔"},"IE_Tipperary":{"name":"蒂珀雷里"},"IE_Galway":{"name":"戈尔韦"},"IE_Kildare":{"name":"基尔代尔"},"IE_Kilkenny":{"name":"基尔肯尼"},"IE_Cork":{"name":"科克"},"IE_Kerry":{"name":"凯里"},"IE_Clare":{"name":"克莱尔"},"IE_Longford":{"name":"朗福德"},"IE_Limerick":{"name":"利默里克"},"IE_Louth":{"name":"劳斯"},"IE_Laois":{"name":"崂斯"},"IE_Roscommon":{"name":"罗斯康芒"},"IE_Leitrim":{"name":"利特里姆"},"IE_Mayo":{"name":"梅奥"},"IE_Monaghan":{"name":"莫内根"},"IE_Meath":{"name":"米斯"},"IE_Cavan":{"name":"卡范"},"IE_Carlow":{"name":"卡洛"},"IE_Sligo":{"name":"斯莱戈"},"IE_Wicklow":{"name":"威克洛"},"IE_Wexford":{"name":"韦克斯福德"},"IE_Waterford":{"name":"沃特福德"},"IE_Westmeath":{"name":"西米斯"}}},"AO":{"name":"安哥拉","regions":{"AO_Bengo":{"name":"本戈"},"AO_Benguela":{"name":"本格拉"},"AO_Cuanza Norte":{"name":"北宽扎"},"AO_Lunda Norte":{"name":"北隆达"},"AO_Bie":{"name":"比耶"},"AO_Cuando Cubango":{"name":"宽多库邦戈"},"AO_Cunene":{"name":"库内内"},"AO_Luanda":{"name":"罗安达"},"AO_Malanje":{"name":"马兰热"},"AO_Moxico":{"name":"莫希科"},"AO_Cuanza Sul":{"name":"南宽扎"},"AO_Lunda Sul":{"name":"南隆达"},"AO_Namibe":{"name":"纳米贝"},"AO_Cabinda":{"name":"卡宾达"},"AO_Huambo":{"name":"万博"},"AO_Huila":{"name":"威拉"},"AO_Uige":{"name":"威热"},"AO_Zaire":{"name":"扎伊尔"}}},"AR":{"name":"阿根廷","regions":{"AR_Viedma":{"name":"别德马"},"AR_Parana":{"name":"巴拉那"},"AR_Bahia Blanca":{"name":"布兰卡港"},"AR_Posadas":{"name":"波萨达斯"},"AR_Buenos Aires":{"name":"布宜诺斯艾利斯"},"AR_Formosa":{"name":"福莫萨"},"AR_Jujuy":{"name":"胡胡伊"},"AR_Cordoba":{"name":"科尔多瓦"},"AR_Concordia":{"name":"肯考迪娅"},"AR_Villa Krause":{"name":"克劳斯城"},"AR_Corrientes":{"name":"科连特斯"},"AR_Rio Gallegos":{"name":"里奥加耶戈斯"},"AR_Rio Cuarto":{"name":"里奥夸尔托"},"AR_La Rioja":{"name":"拉里奥哈"},"AR_La Plata":{"name":"拉普拉塔"},"AR_Rawson":{"name":"罗森"},"AR_Rosario":{"name":"罗萨里奥"},"AR_Comodoro Rivadavia":{"name":"里瓦达维亚海军准将城"},"AR_Resistencia":{"name":"雷西斯滕匹亚"},"AR_Mar del Plata":{"name":"马德普拉塔"},"AR_Mendoza":{"name":"门多萨"},"AR_Neuquen":{"name":"内乌肯"},"AR_Catamarca":{"name":"卡塔马卡"},"AR_Santiago del Estero":{"name":"圣地亚哥-德尔埃斯特罗"},"AR_Salta":{"name":"萨尔塔"},"AR_Santa Fe":{"name":"圣菲"},"AR_San Juan":{"name":"圣胡安"},"AR_San Rafael":{"name":"圣拉斐尔"},"AR_Santa Rosa":{"name":"圣罗莎"},"AR_San Luis":{"name":"圣路易斯"},"AR_San Miguel de Tucuman":{"name":"圣米格尔-德图库曼"},"AR_San Nicolas":{"name":"圣尼古拉斯"},"AR_Trelew":{"name":"特雷利乌"},"AR_Ushuaia":{"name":"乌斯怀亚"}}},"EG":{"name":"埃及"},"AW":{"name":"阿鲁巴"},"AE":{"name":"阿拉伯联合酋长国","regions":{"AE_Abu Dhabi":{"name":"阿布扎比"},"AE_Al l'Ayn":{"name":"艾因"},"AE_Dubayy":{"name":"迪拜"},"AE_Ash Shariqah":{"name":"沙迦"}}},"OM":{"name":"阿曼"},"AZ":{"name":"阿塞拜疆"},"ET":{"name":"埃塞俄比亚"},"AG":{"name":"安提瓜岛和巴布达"},"BB":{"name":"巴巴多斯岛"},"PG":{"name":"巴布亚新几内亚"},"BW":{"name":"博茨瓦纳"},"IS":{"name":"冰岛"},"BT":{"name":"不丹"},"PR":{"name":"波多黎各"},"BS":{"name":"巴哈马"},"BG":{"name":"保加利亚"},"PK":{"name":"巴基斯坦"},"BH":{"name":"巴林"},"PL":{"name":"波兰"},"BI":{"name":"布隆迪"},"BE":{"name":"比利时"},"BO":{"name":"玻利维亚"},"BM":{"name":"百慕大"},"MP":{"name":"北马里亚纳群岛"},"BJ":{"name":"贝宁"},"PA":{"name":"巴拿马"},"BR":{"name":"巴西","regions":{"BR_Acre":{"name":"阿克里"},"BR_Alagoas":{"name":"阿拉戈斯"},"BR_Amapa":{"name":"阿马帕"},"BR_Rio Grande do Norte":{"name":"北里奥格兰德"},"BR_Parana":{"name":"巴拉那"},"BR_Pernambuco":{"name":"伯南布哥"},"BR_Brasilia":{"name":"巴西利亚"},"BR_Bahia":{"name":"巴伊亚"},"BR_Goias":{"name":"戈亚斯"},"BR_Rondonia":{"name":"朗多尼亚"},"BR_Roraima":{"name":"罗赖马"},"BR_Rio de Janeiro":{"name":"里约热内卢"},"BR_Maranhao":{"name":"马拉尼昂"},"BR_Minas Gerais":{"name":"米纳斯吉拉斯"},"BR_Mato Grosso":{"name":"马托格罗索"},"BR_Rio Grande do Sul":{"name":"南里奥格兰德"},"BR_Mato Grosso do Sul":{"name":"南马托格罗索"},"BR_Piaui":{"name":"皮奥伊"},"BR_Para":{"name":"帕拉"},"BR_Paraiba":{"name":"帕拉伊巴"},"BR_Ceara":{"name":"塞阿拉"},"BR_Espirito Santo":{"name":"圣埃斯皮里图"},"BR_Sao Paulo":{"name":"圣保罗"},"BR_Sergipe":{"name":"塞尔希培"},"BR_Santa Catarina":{"name":"圣卡塔琳娜"},"BR_Tocantins":{"name":"托坎廷斯"},"BR_Amazonas":{"name":"亚马孙"}}},"KP":{"name":"朝鲜"},"DE":{"name":"德国","regions":{"DE_Erfurt":{"name":"爱尔福特"},"DE_Arnsberg":{"name":"阿恩斯贝格"},"DE_Augsburg":{"name":"奥格斯堡"},"DE_Ansbach":{"name":"安斯巴格"},"DE_Potsdam":{"name":"波茨坦"},"DE_Bochum":{"name":"波鸿"},"DE_Berlin":{"name":"柏林"},"DE_Bielefeld":{"name":"比勒费尔德"},"DE_Bremen":{"name":"不来梅"},"DE_Brunswick":{"name":"不伦瑞克"},"DE_Bayreuth":{"name":"拜伊罗特"},"DE_Dresden":{"name":"德累斯顿"},"DE_Darmstadt":{"name":"达姆施塔特"},"DE_Dessau":{"name":"德绍"},"DE_Dusseldorf":{"name":"杜塞尔多夫"},"DE_Detmold":{"name":"代特莫尔特"},"DE_Freiburg":{"name":"弗赖堡"},"DE_Frankfurt":{"name":"法兰克福"},"DE_Hamburg":{"name":"汉堡"},"DE_Halle":{"name":"哈雷"},"DE_Hannover":{"name":"汉诺威"},"DE_Kiel":{"name":"基尔"},"DE_GieBen":{"name":"吉森"},"DE_Koblenz":{"name":"科布伦次"},"DE_Cologne":{"name":"科隆"},"DE_Chemnitz":{"name":"开姆尼斯"},"DE_Leipzig":{"name":"莱比锡"},"DE_Landshut":{"name":"兰茨胡特"},"DE_Luneburg":{"name":"吕讷堡"},"DE_Magdeburg":{"name":"马格德堡"},"DE_Mannheim":{"name":"曼海姆"},"DE_Munich":{"name":"慕尼黑"},"DE_Muenster":{"name":"明斯特"},"DE_Mainz":{"name":"美因兹"},"DE_Nuremberg":{"name":"纽伦堡"},"DE_Karlsruhe":{"name":"卡尔斯鲁厄"},"DE_Kassel":{"name":"卡塞尔"},"DE_Stuttgart":{"name":"斯图加特"},"DE_Schwerin":{"name":"什未林"},"DE_Trier":{"name":"特里尔"},"DE_Wuerzburg":{"name":"维尔茨堡"},"DE_Wiesbaden":{"name":"威斯巴登"}}},"DK":{"name":"丹麦"},"DO":{"name":"多米尼加共和国"},"EC":{"name":"厄瓜多尔"},"RU":{"name":"俄罗斯","regions":{"RU_Abakan":{"name":"阿巴坎"},"RU_Arkhangelsk":{"name":"阿尔汉格尔斯克"},"RU_Aginskoye":{"name":"阿金斯科耶"},"RU_Orenburg":{"name":"奥伦堡"},"RU_Orel":{"name":"奥廖尔"},"RU_Elista":{"name":"埃利斯塔"},"RU_Anadyr":{"name":"阿纳德尔"},"RU_Astrakhan":{"name":"阿斯特拉罕"},"RU_Petropavlovsk-Kamchatskiy":{"name":"彼得罗巴甫洛夫斯克"},"RU_Petrozavodsk":{"name":"彼得罗扎沃茨克"},"RU_Belgorod":{"name":"别尔哥罗德"},"RU_Perm":{"name":"彼尔姆"},"RU_Barnaul":{"name":"巴尔瑙尔"},"RU_Chabarovsk":{"name":"伯力"},"RU_Birobidzan":{"name":"比罗比詹"},"RU_Blagoveshchensk":{"name":"布拉戈维申斯克"},"RU_Bryansk":{"name":"布良斯克"},"RU_Penza":{"name":"奔萨"},"RU_Chelyabinsk":{"name":"车里雅宾斯克"},"RU_Chita":{"name":"赤塔"},"RU_Rostov-na-Donu":{"name":"顿河畔罗斯托夫"},"RU_Omsk":{"name":"鄂木斯克"},"RU_Volgograd":{"name":"伏尔加格勒"},"RU_Vladikavkaz":{"name":"弗拉季高加索"},"RU_Vladimir":{"name":"弗拉基米尔"},"RU_Gorno-Altajsk":{"name":"戈尔诺－阿尔泰斯克"},"RU_Grozny":{"name":"格罗兹尼"},"RU_Vladivostok":{"name":"海参崴"},"RU_Khanty-Mansiysk":{"name":"汉特－曼西斯克"},"RU_Kirov":{"name":"基洛夫"},"RU_Kaliningrad":{"name":"加里宁格勒"},"RU_Kudymkar":{"name":"库德姆卡尔"},"RU_Kurgan":{"name":"库尔干"},"RU_Kursk":{"name":"库尔斯克"},"RU_Krasnodar":{"name":"克拉斯诺达尔"},"RU_Krasnojarsk":{"name":"克拉斯诺亚尔斯克"},"RU_Kemerovo":{"name":"克麦罗沃"},"RU_Kazan":{"name":"喀山"},"RU_Kostroma":{"name":"科斯特罗马"},"RU_Kyzyl":{"name":"克孜勒"},"RU_Lipeck":{"name":"利佩茨克"},"RU_Ryazan":{"name":"梁赞"},"RU_Murmansk":{"name":"摩尔曼斯克"},"RU_Makhachkala":{"name":"马哈奇卡拉"},"RU_Magadan":{"name":"马加丹"},"RU_Magas":{"name":"马加斯"},"RU_Maykop":{"name":"迈科普"},"RU_Moscow":{"name":"莫斯科"},"RU_Nalchik":{"name":"纳尔奇克"},"RU_Velikij Novgorod":{"name":"诺夫哥罗德"},"RU_Naryan-Mar":{"name":"纳里扬马尔"},"RU_Juzno-Sachalinsk":{"name":"南萨哈林斯克"},"RU_Palana":{"name":"帕拉纳"},"RU_Pskov":{"name":"普斯科夫"},"RU_Cheboksary":{"name":"切博克萨雷"},"RU_Cherkessk":{"name":"切尔克斯克"},"RU_Kaluga":{"name":"卡卢加"},"RU_Tyumen":{"name":"秋明"},"RU_St. Peterburg":{"name":"圣彼得堡"},"RU_Syktyvkar":{"name":"瑟克特夫卡尔"},"RU_Salekhard":{"name":"萨列哈尔德"},"RU_Saransk":{"name":"萨兰斯克"},"RU_Saratov":{"name":"萨拉托夫"},"RU_Samara":{"name":"萨马拉"},"RU_Smolensk":{"name":"斯摩棱斯克"},"RU_Stavropol":{"name":"斯塔夫罗波尔"},"RU_Tambov":{"name":"坦波夫"},"RU_Tula":{"name":"图拉"},"RU_Tomsk":{"name":"托木斯克"},"RU_Tver":{"name":"特维尔"},"RU_Ufa":{"name":"乌法"},"RU_Vologda":{"name":"沃洛格达"},"RU_Voronezh":{"name":"沃罗涅什"},"RU_Ulan-Ude":{"name":"乌兰乌德"},"RU_Uljanovsk":{"name":"乌里扬诺夫斯克"},"RU_Ust-Ordynsky":{"name":"乌斯季奥尔登斯基"},"RU_Niznij Novgorod":{"name":"下诺夫哥罗德"},"RU_Novosibirsk":{"name":"新西伯利亚"},"RU_Irkutsk":{"name":"伊尔库茨克"},"RU_Jakutsk":{"name":"雅库茨克"},"RU_Jaroslavl":{"name":"雅罗斯拉夫尔"},"RU_Jekaterinburg":{"name":"叶卡捷林堡"},"RU_Izhevsk":{"name":"伊热夫斯克"},"RU_Yoshkar-Ola":{"name":"约什卡尔奥拉"},"RU_Ivanovo":{"name":"伊万诺沃"}}},"ER":{"name":"厄立特里亚"},"FR":{"name":"法国","regions":{"FR_Arles":{"name":"阿尔勒"},"FR_Orleans":{"name":"奥尔良"},"FR_Aix-en-Provence":{"name":"艾克斯"},"FR_Ajaccio":{"name":"阿雅克修"},"FR_Paris":{"name":"巴黎"},"FR_Besancon":{"name":"贝桑松"},"FR_Dijon":{"name":"第戎"},"FR_Frejus":{"name":"弗雷瑞斯"},"FR_Lyon":{"name":"里昂"},"FR_Rouen":{"name":"鲁昂"},"FR_Lille":{"name":"里尔"},"FR_Rennes":{"name":"雷恩"},"FR_Limoges":{"name":"利摩日"},"FR_Montpellier":{"name":"蒙彼利埃"},"FR_Metz":{"name":"梅斯"},"FR_Marseille":{"name":"马赛"},"FR_Nice":{"name":"尼斯"},"FR_Nantes":{"name":"南特"},"FR_Caen":{"name":"卡昂"},"FR_Chalons-en-Champagne":{"name":"沙隆"},"FR_Toulouse":{"name":"图卢兹"},"FR_Valence":{"name":"瓦朗斯"},"FR_Amiens":{"name":"亚眠"}}},"FJ":{"name":"斐济"},"FI":{"name":"芬兰"},"PH":{"name":"菲律宾","regions":{"PH_Davao":{"name":"达沃"},"PH_Manila":{"name":"马尼拉"},"PH_Caloocan":{"name":"卡卢坎"},"PH_Cebu":{"name":"宿务"}}},"CU":{"name":"古巴"},"GM":{"name":"冈比亚"},"GU":{"name":"关岛"},"GG":{"name":"格恩西岛"},"CG":{"name":"刚果民主共和国"},"CO":{"name":"哥伦比亚"},"GL":{"name":"格陵兰"},"GD":{"name":"格林纳达"},"CR":{"name":"哥斯达黎加"},"HT":{"name":"海地"},"HN":{"name":"洪都拉斯"},"KR":{"name":"韩国","regions":{"KR_Daegu":{"name":"大邱","regions":{"KR_Daegu_Dalseong-gun":{"name":"达城郡"},"KR_Daegu_Daegu":{"name":"大邱"},"KR_Daegu_Suseong-gu":{"name":"寿城区"}}},"KR_Daejeon":{"name":"大田"},"KR_Busan":{"name":"釜山"},"KR_Gwangju":{"name":"光州"},"KR_Gangwon-do":{"name":"江原道","regions":{"KR_Gangwon-do_Chuncheon":{"name":"春川市"},"KR_Gangwon-do_Donghae":{"name":"东海市"},"KR_Gangwon-do_Goseong County":{"name":"高城郡"},"KR_Gangwon-do_Hongcheon County":{"name":"洪川郡"},"KR_Gangwon-do_Hoengseong County":{"name":"横城郡"},"KR_Gangwon-do_Hwacheon County":{"name":"华川郡"},"KR_Gangwon-do_Gangneung":{"name":"江陵市"},"KR_Gangwon-do_Jeongseon County":{"name":"旌善郡"},"KR_Gangwon-do_Inje County":{"name":"麟蹄郡"},"KR_Gangwon-do_Yeongwol County":{"name":"宁越郡"},"KR_Gangwon-do_Pyeongchang County":{"name":"平昌郡"},"KR_Gangwon-do_Sokcho":{"name":"束草市"},"KR_Gangwon-do_Samcheok":{"name":"三陟市"},"KR_Gangwon-do_Taebaek":{"name":"太白市"},"KR_Gangwon-do_Cheorwon County":{"name":"铁原郡"},"KR_Gangwon-do_Yangyang County":{"name":"襄阳郡"},"KR_Gangwon-do_Yanggu County":{"name":"杨口郡"},"KR_Gangwon-do_Wonju":{"name":"原州市"}}},"KR_Jeju-do":{"name":"济州岛","regions":{"KR_Jeju-do_Anseong":{"name":"安城市"},"KR_Jeju-do_Ansan":{"name":"安山市"},"KR_Jeju-do_Anyang":{"name":"安养市"},"KR_Jeju-do_Pocheon":{"name":"抱川市"},"KR_Jeju-do_Seongnam":{"name":"城南市"},"KR_Jeju-do_Dongducheon":{"name":"东豆川市"},"KR_Jeju-do_Bucheon":{"name":"富川市"},"KR_Jeju-do_Gwacheon":{"name":"果川市"},"KR_Jeju-do_Gwangmyeong":{"name":"光明市"},"KR_Jeju-do_Goyang":{"name":"高阳市"},"KR_Jeju-do_Gwangju":{"name":"广州市"},"KR_Jeju-do_Hwaseong":{"name":"华城市"},"KR_Jeju-do_Hanam":{"name":"河南市"},"KR_Jeju-do_Guri":{"name":"九里市"},"KR_Jeju-do_Gapyeong County":{"name":"加平郡"},"KR_Jeju-do_Gunpo":{"name":"军浦市"},"KR_Jeju-do_Gimpo":{"name":"金浦市"},"KR_Jeju-do_Yeoncheon County":{"name":"涟川郡"},"KR_Jeju-do_Icheon":{"name":"利川市"},"KR_Jeju-do_Yongin":{"name":"龙仁市"},"KR_Jeju-do_Yeoju County":{"name":"骊州郡"},"KR_Jeju-do_Namyangju":{"name":"南杨州市"},"KR_Jeju-do_Paju":{"name":"坡州市"},"KR_Jeju-do_Pyeongtaek":{"name":"平泽市"},"KR_Jeju-do_Siheung":{"name":"始兴市"},"KR_Jeju-do_Suwon":{"name":"水原市"},"KR_Jeju-do_Osan":{"name":"乌山市"},"KR_Jeju-do_Yangpyeong County":{"name":"扬平郡"},"KR_Jeju-do_Uiwang":{"name":"仪旺市"},"KR_Jeju-do_Uijeongbu":{"name":"议政府"},"KR_Jeju-do_Yangju":{"name":"杨州市"}}},"KR_Gyeonggi-do":{"name":"济州特别自治道"},"KR_Gyeongsangbuk-do":{"name":"全罗北道","regions":{"KR_Gyeongsangbuk-do_Sunchang County":{"name":"淳昌郡"},"KR_Gyeongsangbuk-do_Jangsu County":{"name":"长水郡"},"KR_Gyeongsangbuk-do_Buan County":{"name":"扶安郡"},"KR_Gyeongsangbuk-do_Gochang County":{"name":"高敞郡"},"KR_Gyeongsangbuk-do_Gimje":{"name":"金堤市"},"KR_Gyeongsangbuk-do_Jeongeup":{"name":"井邑市"},"KR_Gyeongsangbuk-do_Muju County":{"name":"茂朱郡"},"KR_Gyeongsangbuk-do_Namwon":{"name":"南原市"},"KR_Gyeongsangbuk-do_Gunsan":{"name":"群山市"},"KR_Gyeongsangbuk-do_Jeonju":{"name":"全州市"},"KR_Gyeongsangbuk-do_Imsil County":{"name":"任实郡"},"KR_Gyeongsangbuk-do_Wanju County":{"name":"完州郡"},"KR_Gyeongsangbuk-do_Iksan":{"name":"益山市"},"KR_Gyeongsangbuk-do_Jinan County":{"name":"鎭安郡"}}},"KR_Gyeongsangnam-do":{"name":"全罗南道","regions":{"KR_Gyeongsangnam-do_Boseong County":{"name":"宝城郡"},"KR_Gyeongsangnam-do_Jangseong County":{"name":"长城郡"},"KR_Gyeongsangnam-do_Jangheung County":{"name":"长兴郡"},"KR_Gyeongsangnam-do_Gokseong County":{"name":"谷城郡"},"KR_Gyeongsangnam-do_Wando County":{"name":"莞岛郡"},"KR_Gyeongsangnam-do_Goheung County":{"name":"高兴郡"},"KR_Gyeongsangnam-do_Gwangyang":{"name":"光阳市"},"KR_Gyeongsangnam-do_Haenam County":{"name":"海南郡"},"KR_Gyeongsangnam-do_Hwasun County":{"name":"和顺郡"},"KR_Gyeongsangnam-do_Gangjin County":{"name":"康津郡"},"KR_Gyeongsangnam-do_Yeonggwang County":{"name":"灵光郡"},"KR_Gyeongsangnam-do_Yeosu":{"name":"丽水市"},"KR_Gyeongsangnam-do_Yeongam County":{"name":"灵岩郡"},"KR_Gyeongsangnam-do_Naju":{"name":"罗州市"},"KR_Gyeongsangnam-do_Mokpo":{"name":"木浦市"},"KR_Gyeongsangnam-do_Gurye County":{"name":"求礼郡"},"KR_Gyeongsangnam-do_Suncheon":{"name":"顺天市"},"KR_Gyeongsangnam-do_Damyang County":{"name":"潭阳郡"},"KR_Gyeongsangnam-do_Muan County":{"name":"务安郡"},"KR_Gyeongsangnam-do_Sinan County":{"name":"新安郡"},"KR_Gyeongsangnam-do_Hampyeong County":{"name":"咸平郡"},"KR_Gyeongsangnam-do_Jindo County":{"name":"珍岛郡"}}},"KR_Chungcheongbuk-do":{"name":"庆尚北道","regions":{"KR_Chungcheongbuk-do_Andong":{"name":"安东市"},"KR_Chungcheongbuk-do_Cheongdo County":{"name":"淸道郡"},"KR_Chungcheongbuk-do_Bonghwa County":{"name":"奉化郡"},"KR_Chungcheongbuk-do_Goryeong County":{"name":"高灵郡"},"KR_Chungcheongbuk-do_Gumi":{"name":"龟尾市"},"KR_Chungcheongbuk-do_Gimcheon":{"name":"金泉市"},"KR_Chungcheongbuk-do_Gunwi County":{"name":"军威郡"},"KR_Chungcheongbuk-do_Yecheon County":{"name":"醴泉郡"},"KR_Chungcheongbuk-do_Pohang":{"name":"浦项市"},"KR_Chungcheongbuk-do_Chilgok County":{"name":"漆谷郡"},"KR_Chungcheongbuk-do_Gyeongsan":{"name":"庆山市"},"KR_Chungcheongbuk-do_Gyeongju":{"name":"庆州市"},"KR_Chungcheongbuk-do_Yeongju":{"name":"荣州市"},"KR_Chungcheongbuk-do_Cheongsong County":{"name":"靑松郡"},"KR_Chungcheongbuk-do_Sangju":{"name":"尙州市"},"KR_Chungcheongbuk-do_Mungyeong":{"name":"闻庆市"},"KR_Chungcheongbuk-do_Uljin County":{"name":"蔚珍郡"},"KR_Chungcheongbuk-do_Seongju County":{"name":"星州郡"},"KR_Chungcheongbuk-do_Uiseong County":{"name":"义城郡"},"KR_Chungcheongbuk-do_Yeongcheon":{"name":"永川市"},"KR_Chungcheongbuk-do_Yeongdeok County":{"name":"盈德郡"},"KR_Chungcheongbuk-do_Ulleung County":{"name":"郁陵郡"},"KR_Chungcheongbuk-do_Yeongyang County":{"name":"英阳郡"}}},"KR_Chungcheongnam-do":{"name":"庆尚南道","regions":{"KR_Chungcheongnam-do_Changnyeong County":{"name":"昌宁郡"},"KR_Chungcheongnam-do_Changwon":{"name":"昌原市"},"KR_Chungcheongnam-do_Goseong County":{"name":"固城郡"},"KR_Chungcheongnam-do_Hadong County":{"name":"河东郡"},"KR_Chungcheongnam-do_Geochang County":{"name":"居昌郡"},"KR_Chungcheongnam-do_Gimhae":{"name":"金海市"},"KR_Chungcheongnam-do_Geoje":{"name":"巨济市"},"KR_Chungcheongnam-do_Jinju":{"name":"晋州市"},"KR_Chungcheongnam-do_Yangsan":{"name":"梁山市"},"KR_Chungcheongnam-do_Masan":{"name":"马山市"},"KR_Chungcheongnam-do_Miryang":{"name":"密阳市"},"KR_Chungcheongnam-do_Namhae County":{"name":"南海郡"},"KR_Chungcheongnam-do_Sacheon":{"name":"泗川市"},"KR_Chungcheongnam-do_Sancheong County":{"name":"山淸郡"},"KR_Chungcheongnam-do_Tongyeong":{"name":"统营市"},"KR_Chungcheongnam-do_Haman County":{"name":"咸安郡"},"KR_Chungcheongnam-do_Hapcheon County":{"name":"陜川郡"},"KR_Chungcheongnam-do_Hamyang County":{"name":"咸阳郡"},"KR_Chungcheongnam-do_Uiryeong County":{"name":"宜宁郡"},"KR_Chungcheongnam-do_Jinhae":{"name":"鎭海市"}}},"KR_Incheon":{"name":"仁川"},"KR_Seoul":{"name":"首尔"},"KR_Ulsan":{"name":"蔚山"},"KR_Jeollabuk-do":{"name":"忠清北道","regions":{"KR_Jeollabuk-do_Boeun County":{"name":"报恩郡"},"KR_Jeollabuk-do_Jecheon":{"name":"堤川市"},"KR_Jeollabuk-do_Danyang County":{"name":"丹阳郡"},"KR_Jeollabuk-do_Goesan County":{"name":"槐山郡"},"KR_Jeollabuk-do_Okcheon County":{"name":"沃川郡"},"KR_Jeollabuk-do_Eumseong County":{"name":"阴城郡"},"KR_Jeollabuk-do_Cheongwon County":{"name":"淸原郡"},"KR_Jeollabuk-do_Yeongdong County":{"name":"永同郡"},"KR_Jeollabuk-do_Jincheon County":{"name":"鎭川郡"},"KR_Jeollabuk-do_Jeungpyeong County":{"name":"曾坪郡"},"KR_Jeollabuk-do_Cheongju":{"name":"淸州市"},"KR_Jeollabuk-do_Chungju":{"name":"忠州市"}}},"KR_Jeollanam-do":{"name":"忠清南道","regions":{"KR_Jeollanam-do_Boryeong":{"name":"保宁市"},"KR_Jeollanam-do_Buyeo County":{"name":"扶余郡"},"KR_Jeollanam-do_Gongju":{"name":"公州市"},"KR_Jeollanam-do_Hongseong County":{"name":"洪城郡"},"KR_Jeollanam-do_Gyeryong":{"name":"鸡龙市"},"KR_Jeollanam-do_Geumsan County":{"name":"锦山郡"},"KR_Jeollanam-do_Yesan County":{"name":"礼山郡"},"KR_Jeollanam-do_Nonsan":{"name":"论山市"},"KR_Jeollanam-do_Cheongyang County":{"name":"青阳郡"},"KR_Jeollanam-do_Seosan":{"name":"瑞山市"},"KR_Jeollanam-do_Seocheon County":{"name":"舒川郡"},"KR_Jeollanam-do_Taean County":{"name":"泰安郡"},"KR_Jeollanam-do_Cheonan":{"name":"天安市"},"KR_Jeollanam-do_Dangjin County":{"name":"唐津郡"},"KR_Jeollanam-do_Yeongi County":{"name":"燕岐郡"},"KR_Jeollanam-do_Asan":{"name":"牙山市"}}}}},"NL":{"name":"荷兰","regions":{"NL_Ede":{"name":"埃德"},"NL_Almere":{"name":"阿尔梅勒"},"NL_Emmen":{"name":"埃门"},"NL_Amersfoort":{"name":"阿默斯福特"},"NL_Amsterdam":{"name":"阿姆斯特丹"},"NL_Arnhem":{"name":"阿纳姆"},"NL_Apeldoorn":{"name":"阿珀尔多伦"},"NL_Assen":{"name":"阿森"},"NL_Eindhoven":{"name":"埃因霍芬"},"NL_Breda":{"name":"布雷达"},"NL_Dordrecht":{"name":"多德雷赫特"},"NL_Tilburg":{"name":"蒂尔堡"},"NL_Enschede":{"name":"恩斯赫德"},"NL_Groningen":{"name":"格罗宁根"},"NL_Hoofddorp":{"name":"霍夫多尔普"},"NL_Haarlem":{"name":"哈勒姆"},"NL_Hague":{"name":"海牙"},"NL_Leiden":{"name":"莱顿"},"NL_Leeuwarden":{"name":"吕伐登"},"NL_Lelystad":{"name":"莱利斯塔德"},"NL_Rotterdam":{"name":"鹿特丹"},"NL_Middelburg":{"name":"米德尔堡"},"NL_Maastricht":{"name":"马斯特里赫特"},"NL_Nijmegen":{"name":"奈梅亨"},"NL_'s-Hertogenbosch":{"name":"斯海尔托亨博思"},"NL_Utrecht":{"name":"乌得勒支"},"NL_Zoetermeer":{"name":"佐特尔梅"},"NL_Zwolle":{"name":"兹沃勒"}}},"KZ":{"name":"哈萨克斯坦"},"DJ":{"name":"吉布提"},"KG":{"name":"吉尔吉斯斯坦"},"CZ":{"name":"捷克共和国"},"KI":{"name":"基里巴斯"},"GH":{"name":"加纳"},"CA":{"name":"加拿大","regions":{"CA_Abbotsford":{"name":"阿伯茨福"},"CA_Edmonton":{"name":"埃德蒙顿"},"CA_Oshawa":{"name":"奥沙瓦"},"CA_Barrie":{"name":"巴里"},"CA_Cape Breton":{"name":"布列塔尼角"},"CA_Toronto":{"name":"多伦多"},"CA_Fredericton":{"name":"弗雷德里顿"},"CA_Guelph":{"name":"圭尔夫"},"CA_Halifax":{"name":"哈利法克斯"},"CA_Hamilton":{"name":"哈密尔顿"},"CA_Whitehorse":{"name":"怀特霍斯"},"CA_Kelowna":{"name":"基劳纳"},"CA_Brampton":{"name":"基奇纳"},"CA_Kingston":{"name":"金斯敦"},"CA_Quebec":{"name":"魁北克"},"CA_London":{"name":"伦敦"},"CA_Regina":{"name":"里贾纳"},"CA_Montreal":{"name":"蒙特利尔"},"CA_Calgary":{"name":"卡里加里"},"CA_Sherbrooke":{"name":"舍布鲁克"},"CA_Thunder Bay":{"name":"桑德贝"},"CA_Sudbury":{"name":"萨德伯里"},"CA_Trois-Rivieres":{"name":"三河城"},"CA_St. Catharines":{"name":"圣卡塔琳娜"},"CA_Saskatoon":{"name":"萨斯卡通"},"CA_Saint-John's":{"name":"圣约翰斯"},"CA_Victoria":{"name":"维多利亚"},"CA_Vancouver":{"name":"温哥华"},"CA_Winnipeg":{"name":"温尼伯"},"CA_Windsor":{"name":"温莎"},"CA_Ottawa":{"name":"渥太华"},"CA_Charlottetown":{"name":"夏洛特敦"},"CA_Iqaluit":{"name":"伊魁特"},"CA_Yellowknife":{"name":"耶洛奈夫"}}},"KH":{"name":"柬埔寨","regions":{"KH_Otdar Mean Chey":{"name":"奥多棉吉"},"KH_Banteay Mean Chey":{"name":"班迭棉吉"},"KH_Prey Veng":{"name":"波罗勉"},"KH_Krong Pailin":{"name":"拜林市"},"KH_Krong Keb":{"name":"白马市"},"KH_Kampong Chhnang":{"name":"磅清扬"},"KH_Kampong Spoe":{"name":"磅士卑"},"KH_Kampong Thum":{"name":"磅同"},"KH_Preah Vihear":{"name":"柏威夏"},"KH_Kampong Cham":{"name":"磅湛"},"KH_Takev":{"name":"茶胶"},"KH_Svay Rieng":{"name":"柴桢"},"KH_Kampot":{"name":"贡布"},"KH_Kandal":{"name":"干丹"},"KH_Kaoh Kong":{"name":"戈公"},"KH_Phnum Penh":{"name":"金边市"},"KH_Kracheh":{"name":"桔井"},"KH_Mondol Kiri":{"name":"蒙多基里"},"KH_Bat Dambang":{"name":"马德望"},"KH_Pouth sat":{"name":"菩萨"},"KH_Stoeng Treng":{"name":"上丁"},"KH_Krong Preah":{"name":"西哈努克市"},"KH_Siem Reab":{"name":"暹粒"},"KH_Rotanak Kiri":{"name":"腊塔纳基里"}}},"HR":{"name":"克罗地亚"},"CM":{"name":"喀麦隆"},"KY":{"name":"开曼群岛"},"KE":{"name":"肯尼亚"},"KW":{"name":"科威特"},"LR":{"name":"利比里亚"},"LB":{"name":"黎巴嫩"},"LY":{"name":"利比亚"},"RO":{"name":"罗马尼亚"},"RE":{"name":"留尼旺岛"},"LU":{"name":"卢森堡"},"LS":{"name":"莱索托"},"LV":{"name":"拉脱维亚"},"RW":{"name":"卢旺达"},"LA":{"name":"老挝"},"LI":{"name":"列支敦士登"},"MM":{"name":"缅甸"},"MG":{"name":"马达加斯加"},"MV":{"name":"马尔代夫","regions":{"MV_Addu Atoll":{"name":"阿杜"},"MV_North Ari Atoll":{"name":"北阿里"},"MV_North Thiladhunmathi":{"name":"北蒂拉杜马蒂"},"MV_North Miladhunmadhulu":{"name":"北米拉杜马杜卢"},"MV_North Maalhosmadhulu":{"name":"北马洛斯马杜卢"},"MV_North Nilandhe Atoll":{"name":"北尼兰杜"},"MV_North Huvadhu Atoll":{"name":"北苏瓦迪瓦"},"MV_Foammulah":{"name":"福阿穆拉库"},"MV_Faadhippolhu":{"name":"法迪福卢"},"MV_Felidhu Atoll":{"name":"费利杜"},"MV_Hadhdhunmathi":{"name":"哈杜马蒂"},"MV_Kolhumadulu":{"name":"科卢马杜卢"},"MV_Male":{"name":"马累"},"MV_Male Atoll":{"name":"马累岛"},"MV_Mulakatholhu":{"name":"穆拉库"},"MV_South Ari Atoll":{"name":"南阿里"},"MV_South Thiladhunmathi":{"name":"南蒂拉杜马蒂"},"MV_South Miladhunmadhulu":{"name":"南米拉杜马杜卢"},"MV_South Maalhosmadulu":{"name":"南马洛斯马杜卢"},"MV_South Nilandhe Atoll":{"name":"南尼兰杜"},"MV_South Huvadhu Atoll":{"name":"南苏瓦迪瓦"}}},"MD":{"name":"摩尔多瓦"},"MN":{"name":"蒙古"},"US":{"name":"美国","regions":{"US_Idaho":{"name":"爱达荷州","regions":{"US_Idaho_Idaho Falls":{"name":"爱达荷福尔斯"},"US_Idaho_Blackfoot":{"name":"布莱克富特"},"US_Idaho_Pocatello":{"name":"波卡特洛"},"US_Idaho_Boise":{"name":"博伊西"},"US_Idaho_Coeur d'Alene":{"name":"科达伦"},"US_Idaho_Lewiston":{"name":"刘易斯顿"},"US_Idaho_Murphy":{"name":"墨菲"},"US_Idaho_Moscow":{"name":"莫斯科"},"US_Idaho_Nampa":{"name":"楠帕"},"US_Idaho_Ketchum":{"name":"岂彻姆"},"US_Idaho_Sun Valley":{"name":"森瓦利"},"US_Idaho_American Falls":{"name":"亚美利加瀑布城"}}},"US_Iowa":{"name":"爱荷华","regions":{"US_Iowa_Des Moines":{"name":"得梅因"},"US_Iowa_Davenport":{"name":"达文波特"},"US_Iowa_Cedar Rapids":{"name":"锡达拉皮兹"}}},"US_Arkansas":{"name":"阿肯色","regions":{"US_Arkansas_Fayetteville":{"name":"费耶特维尔"},"US_Arkansas_Fort Smith":{"name":"史密斯堡"},"US_Arkansas_Little Rock":{"name":"小石城"}}},"US_Alabama":{"name":"阿拉巴马","regions":{"US_Alabama_Birmingham":{"name":"伯明罕"},"US_Alabama_Mobile":{"name":"莫比尔"},"US_Alabama_Montgomery":{"name":"蒙哥马利"}}},"US_Alaska":{"name":"阿拉斯加","regions":{"US_Alaska_Anchorage":{"name":"安克雷奇"},"US_Alaska_Fairbanks":{"name":"费尔班克斯"},"US_Alaska_Juneau":{"name":"朱诺"}}},"US_North Dakota":{"name":"北达科他","regions":{"US_North Dakota_Bismarck":{"name":"俾斯麦"},"US_North Dakota_Grand Forks":{"name":"大福克斯"},"US_North Dakota_Fargo":{"name":"法戈"},"US_North Dakota_Minot":{"name":"迈诺特"}}},"US_North Carolina":{"name":"北卡罗来纳","regions":{"US_North Carolina_Asheville":{"name":"艾许维尔"},"US_North Carolina_Durham":{"name":"杜罕"},"US_North Carolina_Greensboro":{"name":"格林斯伯勒"},"US_North Carolina_Chapel Hill":{"name":"教堂山"},"US_North Carolina_Raleigh":{"name":"罗利"},"US_North Carolina_Raleigh-Durham":{"name":"洛利杜罕都会区"},"US_North Carolina_Charlotte":{"name":"夏洛特"}}},"US_Pennsylvania":{"name":"宾夕法尼亚","regions":{"US_Pennsylvania_Allentown":{"name":"阿伦敦"},"US_Pennsylvania_Philadephia":{"name":"费城"},"US_Pennsylvania_Pittsburgh":{"name":"匹兹堡"}}},"US_Texas":{"name":"德州","regions":{"US_Texas_El Paso":{"name":"埃尔帕索"},"US_Texas_Austin":{"name":"奥斯汀"},"US_Texas_Dallas":{"name":"达拉斯"},"US_Texas_Corpus Christi":{"name":"哥帕斯基斯蒂"},"US_Texas_Galveston":{"name":"交维斯顿"},"US_Texas_Laredo":{"name":"拉雷多"},"US_Texas_Mcallen":{"name":"麦卡伦"},"US_Texas_San Antonio":{"name":"圣安东尼奥"},"US_Texas_Houston":{"name":"休斯敦"}}},"US_Ohio":{"name":"俄亥俄","regions":{"US_Ohio_Dayton":{"name":"代顿"},"US_Ohio_Columbus":{"name":"哥伦布"},"US_Ohio_Cleveland":{"name":"克利夫兰"},"US_Ohio_Toledo":{"name":"托莱多"},"US_Ohio_Cincinnati":{"name":"辛辛那提"}}},"US_Oklahoma":{"name":"俄克拉荷马","regions":{"US_Oklahoma_Oklahoma City":{"name":"俄克拉荷马城"},"US_Oklahoma_Norman":{"name":"诺曼"},"US_Oklahoma_Tulsa":{"name":"塔尔萨"}}},"US_Oregon":{"name":"俄勒冈","regions":{"US_Oregon_Bend":{"name":"本德"},"US_Oregon_Portland":{"name":"波特兰"},"US_Oregon_The Dalles":{"name":"达尔斯"},"US_Oregon_Tillamook":{"name":"蒂拉穆克"},"US_Oregon_Dallas":{"name":"达拉斯"},"US_Oregon_Grant's Pass":{"name":"格兰茨帕斯"},"US_Oregon_Hood River":{"name":"胡德里弗"},"US_Oregon_Crater Lake":{"name":"火山口湖"},"US_Oregon_Coos Bay":{"name":"库斯贝"},"US_Oregon_Corvallis":{"name":"科瓦利斯"},"US_Oregon_Medford":{"name":"梅德福"},"US_Oregon_St Helens":{"name":"圣海伦斯"},"US_Oregon_Salem":{"name":"塞勒姆"},"US_Oregon_Springfield":{"name":"斯普林菲尔德"},"US_Oregon_Eugene":{"name":"尤金"}}},"US_Florida":{"name":"佛罗里达","regions":{"US_Florida_Orlando":{"name":"奥兰多"},"US_Florida_Jacksonville":{"name":"杰克逊维尔"},"US_Florida_Key West":{"name":"基韦斯特"},"US_Florida_Fort Lauderdale":{"name":"罗德岱堡"},"US_Florida_Miami":{"name":"迈阿密"},"US_Florida_Cape Canaveral?":{"name":"卡纳维拉尔角"},"US_Florida_St. Petersburg":{"name":"圣彼德斯堡市"},"US_Florida_Tallahassee":{"name":"塔拉哈西"},"US_Florida_Tampa":{"name":"坦帕"}}},"US_Vermont":{"name":"佛蒙特","regions":{"US_Vermont_Burlington":{"name":"伯灵顿"},"US_Vermont_Rutland":{"name":"拉特兰"},"US_Vermont_South Burlington":{"name":"南伯灵顿"}}},"US_District of Columbia":{"name":"哥伦比亚特区","regions":{"US_District of Columbia_Washington D.C.":{"name":"华盛顿哥伦比亚特区"}}},"US_Wyoming":{"name":"怀俄明州","regions":{"US_Wyoming_Evanston":{"name":"埃文斯顿"},"US_Wyoming_Rock Springs":{"name":"罗克斯普林斯"},"US_Wyoming_Laramie":{"name":"拉勒米"},"US_Wyoming_Casper":{"name":"卡斯帕"},"US_Wyoming_Sheridan":{"name":"谢里登"},"US_Wyoming_Cheyenne":{"name":"夏延"}}},"US_Washington":{"name":"华盛顿","regions":{"US_Washington_Spokane":{"name":"斯波坎"},"US_Washington_Tacoma":{"name":"塔科马"},"US_Washington_Seattle":{"name":"西雅图"}}},"US_California":{"name":"加利福尼亚","regions":{"US_California_San Francisco":{"name":"旧金山"},"US_California_Los Angeles":{"name":"洛杉矶"},"US_California_San Diego":{"name":"圣迭戈"},"US_California_San Jose":{"name":"圣何塞"}}},"US_Colorado":{"name":"科罗拉多","regions":{"US_Colorado_Aurora":{"name":"奥罗拉"},"US_Colorado_Aspen":{"name":"阿斯彭"},"US_Colorado_Boulder":{"name":"博尔德"},"US_Colorado_Denver":{"name":"丹佛"},"US_Colorado_Grand Junction":{"name":"大章克申"},"US_Colorado_Colorado Springs":{"name":"科罗拉多斯普林斯"},"US_Colorado_Fort Collins":{"name":"柯林斯堡"},"US_Colorado_Vail":{"name":"韦尔"}}},"US_Connecticut":{"name":"康涅狄格","regions":{"US_Connecticut_Bridgeport":{"name":"布里奇波特"},"US_Connecticut_Darien":{"name":"达里恩"},"US_Connecticut_Greenwich":{"name":"格林尼治"},"US_Connecticut_Hartford":{"name":"哈特福德"},"US_Connecticut_Middletown":{"name":"米德尔顿"},"US_Connecticut_New Haven":{"name":"纽黑文"},"US_Connecticut_Westport":{"name":"韦斯特波特"},"US_Connecticut_Waterbury":{"name":"沃特伯里"},"US_Connecticut_New Britain":{"name":"新不列颠"}}},"US_Kansas":{"name":"堪萨斯","regions":{"US_Kansas_Abilene":{"name":"阿比林"},"US_Kansas_Overland Park":{"name":"奥弗兰公园"},"US_Kansas_Hutchinson":{"name":"哈钦森"},"US_Kansas_Kansas City":{"name":"堪萨斯城"},"US_Kansas_Lawrence":{"name":"劳伦斯"},"US_Kansas_Leavenworth":{"name":"莱文沃思"},"US_Kansas_Manhattan":{"name":"曼哈顿"},"US_Kansas_Topeka":{"name":"托皮卡"},"US_Kansas_Wichita":{"name":"威奇托"}}},"US_Kentucky":{"name":"肯塔基","regions":{"US_Kentucky_Lexington":{"name":"列克星敦"},"US_Kentucky_Louisville":{"name":"路易斯维尔"},"US_Kentucky_Owensboro":{"name":"欧文斯伯勒"}}},"US_Rhode Island":{"name":"罗德岛","regions":{"US_Rhode Island_Pawtucket":{"name":"波塔基特"},"US_Rhode Island_Cranston":{"name":"克兰斯顿"},"US_Rhode Island_Newport":{"name":"纽波特"},"US_Rhode Island_Providence":{"name":"普罗维登斯"},"US_Rhode Island_Woonsocket":{"name":"文索基特"},"US_Rhode Island_Westerly":{"name":"韦斯特利"},"US_Rhode Island_Warwick":{"name":"沃威克"}}},"US_Louisiana":{"name":"路易斯安那","regions":{"US_Louisiana_Baton Rouge":{"name":"巴吞鲁日"},"US_Louisiana_Shreveport":{"name":"什里夫波特"},"US_Louisiana_New Orleans":{"name":"新奥尔良"}}},"US_Montana":{"name":"蒙大拿","regions":{"US_Montana_Billings":{"name":"比灵斯"},"US_Montana_Great Falls":{"name":"大瀑布村"},"US_Montana_Missoula":{"name":"米苏拉"}}},"US_Maryland":{"name":"马里兰","regions":{"US_Maryland_Balitmore":{"name":"巴尔的摩"},"US_Maryland_Gaithersburg":{"name":"盖瑟斯堡"},"US_Maryland_Rockville":{"name":"罗克维尔"}}},"US_Minnesota":{"name":"明尼苏达","regions":{"US_Minnesota_Rochester":{"name":"罗切斯特"},"US_Minnesota_Minneapolis":{"name":"明尼阿波利斯"},"US_Minnesota_Saint Paul":{"name":"圣保罗"}}},"US_Missouri":{"name":"密苏里","regions":{"US_Missouri_Columbia":{"name":"哥伦比亚"},"US_Missouri_Jefferson City":{"name":"杰佛逊市"},"US_Missouri_Kansas City":{"name":"堪萨斯城"},"US_Missouri_Saint Louis":{"name":"圣路易斯"},"US_Missouri_Springfield":{"name":"斯普林菲尔德"}}},"US_Massachusetts":{"name":"马萨诸塞","regions":{"US_Massachusetts_Boston":{"name":"波士顿"},"US_Massachusetts_Springfield":{"name":"斯普林菲尔德"},"US_Massachusetts_Worcester":{"name":"伍斯特"}}},"US_Michigan":{"name":"密歇根","regions":{"US_Michigan_Ann Arbor":{"name":"安娜堡"},"US_Michigan_Bay City":{"name":"贝城"},"US_Michigan_Battle Creek":{"name":"巴特尔克里克"},"US_Michigan_Dearborn":{"name":"迪尔伯恩"},"US_Michigan_Grand Rapids":{"name":"大急流城"},"US_Michigan_Detroit":{"name":"底特律"},"US_Michigan_Flint":{"name":"弗林特"},"US_Michigan_Wyandotte":{"name":"怀恩多特"},"US_Michigan_Lansing":{"name":"兰辛"},"US_Michigan_Muskegon":{"name":"马斯基根"},"US_Michigan_Pontiac":{"name":"庞菷亚克"},"US_Michigan_Kalamazoo":{"name":"卡拉马袓"},"US_Michigan_Saginaw":{"name":"萨吉诺"},"US_Michigan_Sault Ste Marie":{"name":"苏圣玛丽"},"US_Michigan_Warren":{"name":"沃伦"},"US_Michigan_Port Huron":{"name":"休伦港"}}},"US_Mississippi":{"name":"密西西比","regions":{"US_Mississippi_Biloxi":{"name":"比洛克西"},"US_Mississippi_Gulfport":{"name":"格尔夫波特"},"US_Mississippi_Greenville":{"name":"格林维尔"},"US_Mississippi_Hattiesburg":{"name":"哈蒂斯堡"},"US_Mississippi_Jackson":{"name":"杰克逊"},"US_Mississippi_Meridian":{"name":"默里迪恩"},"US_Mississippi_Vicksburg":{"name":"维克斯堡"}}},"US_Maine":{"name":"缅因","regions":{"US_Maine_Bangor":{"name":"班戈"},"US_Maine_Portland":{"name":"波特兰"},"US_Maine_Lewiston":{"name":"刘易斯顿"}}},"US_Nebraska":{"name":"内布拉斯加","regions":{"US_Nebraska_Omaha":{"name":"奥马哈"},"US_Nebraska_Bellevue":{"name":"贝尔维尤"},"US_Nebraska_Lincoln":{"name":"林肯"}}},"US_South Dakota":{"name":"南达科他","regions":{"US_South Dakota_Aberdeen":{"name":"阿伯丁"},"US_South Dakota_Rapid City":{"name":"拉皮德城"},"US_South Dakota_Sioux Falls":{"name":"苏福尔斯"}}},"US_Nevada":{"name":"内华达州","regions":{"US_Nevada_Elko":{"name":"埃尔科"},"US_Nevada_North Las Vegas":{"name":"北拉斯维加斯"},"US_Nevada_Virginia City":{"name":"弗吉尼亚城"},"US_Nevada_Henderson":{"name":"亨德森"},"US_Nevada_Reno":{"name":"里诺"},"US_Nevada_Las Vegas":{"name":"拉斯维加斯"},"US_Nevada_Carson City":{"name":"卡森城"},"US_Nevada_Sparks":{"name":"斯帕克斯"}}},"US_South Carolina":{"name":"南卡罗来纳","regions":{"US_South Carolina_North Charleston":{"name":"北查尔斯顿"},"US_South Carolina_Charleston":{"name":"查尔斯顿"},"US_South Carolina_Columbia":{"name":"哥伦比亚"}}},"US_New York":{"name":"纽约","regions":{"US_New York_Buffalo":{"name":"布法罗"},"US_New York_Rochester":{"name":"罗切斯特"},"US_New York_New York":{"name":"纽约市"}}},"US_Delaware":{"name":"特拉华","regions":{"US_Delaware_Dover":{"name":"多佛"},"US_Delaware_Newark":{"name":"纽瓦克"},"US_Delaware_Wilmington":{"name":"威明顿"}}},"US_Tennessee":{"name":"田纳西","regions":{"US_Tennessee_Bristol":{"name":"布利斯托"},"US_Tennessee_Chattanooga":{"name":"查塔努加"},"US_Tennessee_Kingsport":{"name":"金斯波特"},"US_Tennessee_Memphis":{"name":"孟菲斯"},"US_Tennessee_Knoxville":{"name":"诺克斯维尔"},"US_Tennessee_Nashville":{"name":"纳什维尔"},"US_Tennessee_Tri-City Area":{"name":"三城区"},"US_Tennessee_Smyrna":{"name":"士麦那"},"US_Tennessee_Spring Hill":{"name":"斯普林希尔"},"US_Tennessee_Johnson City":{"name":"约翰逊城"}}},"US_Virginia":{"name":"维吉尼亚","regions":{"US_Virginia_Virginia Beach":{"name":"弗吉尼亚比奇"},"US_Virginia_Norfolk":{"name":"诺福克"},"US_Virginia_Chesapeake":{"name":"切萨皮克"}}},"US_Wisconsin":{"name":"威斯康星","regions":{"US_Wisconsin_Appleton":{"name":"阿普尓顿"},"US_Wisconsin_Oshkosh":{"name":"奥什科什"},"US_Wisconsin_Green Bay":{"name":"格林贝"},"US_Wisconsin_Kenosha":{"name":"基诺沙"},"US_Wisconsin_Lacrosse":{"name":"拉克罗斯"},"US_Wisconsin_Racine":{"name":"拉辛"},"US_Wisconsin_Madison":{"name":"迈迪逊"},"US_Wisconsin_Milwaukee":{"name":"密尔沃基"},"US_Wisconsin_Manitowoc":{"name":"马尼托沃克"},"US_Wisconsin_Eau Claire":{"name":"欧克莱尓"},"US_Wisconsin_Wausau":{"name":"沃索"},"US_Wisconsin_Sheboygan":{"name":"希博伊根"}}},"US_West Virginia":{"name":"西佛吉尼亚","regions":{"US_West Virginia_Charleston":{"name":"查尔斯顿"},"US_West Virginia_Huntington":{"name":"亨廷顿"},"US_West Virginia_Parkersburg":{"name":"帕克斯堡"}}},"US_New Hampshire":{"name":"新罕布什尔","regions":{"US_New Hampshire_Concord":{"name":"康科德"},"US_New Hampshire_Manchester":{"name":"曼彻斯特"},"US_New Hampshire_Nashua":{"name":"纳舒厄"}}},"US_New Mexico":{"name":"新墨西哥","regions":{"US_New Mexico_Albuquerque":{"name":"阿尔伯克基"},"US_New Mexico_Las Cruces":{"name":"拉斯克鲁塞斯"},"US_New Mexico_Roswell":{"name":"罗斯韦尔"},"US_New Mexico_Santa Fe":{"name":"圣菲"}}},"US_Hawaii":{"name":"夏威夷","regions":{"US_Hawaii_Kailua":{"name":"凯卢阿"},"US_Hawaii_Honolulu":{"name":"檀香山"},"US_Hawaii_Hilo":{"name":"希洛"}}},"US_New Jersey":{"name":"新泽西","regions":{"US_New Jersey_Newark":{"name":"纽瓦克"},"US_New Jersey_Paterson":{"name":"帕特森"},"US_New Jersey_Jersey City":{"name":"泽西城"}}},"US_Indiana":{"name":"印第安那","regions":{"US_Indiana_Evansville":{"name":"埃文斯维尔"},"US_Indiana_Fort Wayne":{"name":"韦恩堡"},"US_Indiana_Indianapolis":{"name":"印第安纳波利斯"}}},"US_Illinois":{"name":"伊利诺斯州","regions":{"US_Illinois_Alton":{"name":"奥尔顿"},"US_Illinois_Aurora":{"name":"奥罗拉"},"US_Illinois_Bloomington":{"name":"布卢明顿"},"US_Illinois_Decatur":{"name":"迪凯特"},"US_Illinois_De Kalb":{"name":"迪卡尔布"},"US_Illinois_East St Louis":{"name":"东圣路易斯"},"US_Illinois_Danville":{"name":"丹维尓"},"US_Illinois_Champaign-Urbana":{"name":"厄巴纳-香槟"},"US_Illinois_Galesburg":{"name":"盖尔斯堡"},"US_Illinois_Rock Island":{"name":"罗克艾兰"},"US_Illinois_Rockford":{"name":"罗克福德"},"US_Illinois_Normal":{"name":"诺黙尔"},"US_Illinois_Peoria":{"name":"皮奥里亚"},"US_Illinois_Carbondale":{"name":"卡本代尔"},"US_Illinois_Springfield":{"name":"斯普林菲尔德"},"US_Illinois_Centralia":{"name":"森特勒利亚"},"US_Illinois_Waukegan":{"name":"沃其根"},"US_Illinois_Chicago":{"name":"芝加哥"}}},"US_Arizona":{"name":"亚利桑那","regions":{"US_Arizona_Phoenix":{"name":"凤凰城"},"US_Arizona_Glendale":{"name":"格兰代尔"},"US_Arizona_Mesa":{"name":"梅萨"},"US_Arizona_Scottsdale":{"name":"史卡兹代尔"},"US_Arizona_Tempe":{"name":"坦普"},"US_Arizona_Tucson":{"name":"图森"},"US_Arizona_Yuma":{"name":"优玛"}}},"US_Utah":{"name":"犹他","regions":{"US_Utah_Ogden":{"name":"奥格登"},"US_Utah_Layton":{"name":"雷登"},"US_Utah_Orem":{"name":"欧仁"},"US_Utah_Park City":{"name":"帕克城"},"US_Utah_Provo":{"name":"普罗沃"},"US_Utah_St.George":{"name":"圣乔治"},"US_Utah_West Valley City":{"name":"西瓦利城"},"US_Utah_Salt Lake City":{"name":"盐湖城"}}},"US_Georgia":{"name":"佐治亚","regions":{"US_Georgia_Augusta":{"name":"奥古斯塔"},"US_Georgia_Columbus":{"name":"哥伦布"},"US_Georgia_Macon":{"name":"梅肯"},"US_Georgia_Savannah":{"name":"沙瓦纳"},"US_Georgia_Atlanta":{"name":"亚特兰大"}}}}},"BD":{"name":"孟加拉"},"PE":{"name":"秘鲁"},"MA":{"name":"摩洛哥"},"MU":{"name":"毛里求斯"},"MR":{"name":"毛里塔尼亚"},"MW":{"name":"马拉维"},"MY":{"name":"马来西亚","regions":{"MY_Perlis":{"name":"玻璃市","regions":{"MY_Perlis_Kangar":{"name":"加央"}}},"MY_Pulau Pinang":{"name":"槟榔屿","regions":{"MY_Pulau Pinang_George Town":{"name":"槟城"},"MY_Pulau Pinang_Butterworth":{"name":"北海"},"MY_Pulau Pinang_Bukit Mertajam":{"name":"大山脚"},"MY_Pulau Pinang_Nibong Tebal":{"name":"高渊"}}},"MY_Terengganu":{"name":"丁加奴","regions":{"MY_Terengganu_Kuala Terengganu":{"name":"瓜拉丁加奴"},"MY_Terengganu_Kemaman":{"name":"甘马挽"},"MY_Terengganu_Dungun":{"name":"龙运"},"MY_Terengganu_Marang":{"name":"马江"},"MY_Terengganu_Setiu":{"name":"实兆"},"MY_Terengganu_Hulu":{"name":"乌鲁"},"MY_Terengganu_Besut":{"name":"勿述"}}},"MY_Kedah":{"name":"吉打","regions":{"MY_Kedah_Padang Terap":{"name":"巴东得腊"},"MY_Kedah_Pendang":{"name":"笨筒"},"MY_Kedah_Langkawi":{"name":"浮罗交怡"},"MY_Kedah_Kubang Pasu":{"name":"古邦巴素"},"MY_Kedah_Kota Setar":{"name":"哥打士打"},"MY_Kedah_Kuala Muda":{"name":"瓜拉姆达"},"MY_Kedah_Baling":{"name":"华玲"},"MY_Kedah_Kulim":{"name":"居林"},"MY_Kedah_Bandar Baharu":{"name":"万拉峇鲁"}}},"MY_Kelantan":{"name":"吉兰丹","regions":{"MY_Kelantan_Pasir Putih":{"name":"巴西富地"},"MY_Kelantan_Pasir Mas":{"name":"巴西马"},"MY_Kelantan_Tumpat":{"name":"道北"},"MY_Kelantan_Tanah Merah":{"name":"丹那美拉"},"MY_Kelantan_Bachok":{"name":"登卓"},"MY_Kelantan_Kota Bharu":{"name":"哥打巴鲁"},"MY_Kelantan_Kuala Krai":{"name":"瓜拉吉赖"},"MY_Kelantan_Gua Musang":{"name":"话望生"},"MY_Kelantan_Machang":{"name":"马樟"},"MY_Kelantan_Jeli":{"name":"日里"}}},"MY_Kuala Lumpur":{"name":"吉隆坡","regions":{"MY_Kuala Lumpur_Kuala Lumpur":{"name":"吉隆坡"}}},"MY_Malacca":{"name":"马六甲","regions":{"MY_Malacca_Melaka":{"name":"马六甲市"},"MY_Malacca_Alor Gajah":{"name":"亚罗牙也"},"MY_Malacca_Jasin":{"name":"野新"}}},"MY_Labuan":{"name":"纳闽","regions":{"MY_Labuan_Labuan":{"name":"纳闽"},"MY_Labuan_Victoria":{"name":"维多利亚"}}},"MY_Pahang":{"name":"彭亨","regions":{"MY_Pahang_Pekan":{"name":"北根"},"MY_Pahang_Bera":{"name":"百乐"},"MY_Pahang_Temerloh":{"name":"淡马鲁"},"MY_Pahang_Jerantut":{"name":"而连突"},"MY_Pahang_Kuantan":{"name":"关丹"},"MY_Pahang_Cameron Highlands":{"name":"金马仑高原"},"MY_Pahang_Kuala Lipis":{"name":"立卑"},"MY_Pahang_Raub":{"name":"劳勿"},"MY_Pahang_Maran":{"name":"马兰"},"MY_Pahang_Bentong":{"name":"文冬"},"MY_Pahang_Rompin":{"name":"云冰"}}},"MY_Perak":{"name":"霹雳","regions":{"MY_Perak_Teluk Intan":{"name":"安顺"},"MY_Perak_Tanjung Malim":{"name":"丹绒马"},"MY_Perak_Batu Gajah":{"name":"华都牙也"},"MY_Perak_Sungai Siput":{"name":"和丰"},"MY_Perak_Kuala Kangsar":{"name":"江沙"},"MY_Perak_Lumut":{"name":"紅土坎"},"MY_Perak_Taiping":{"name":"太平"},"MY_Perak_Ipoh":{"name":"怡保"}}},"MY_Johor":{"name":"柔佛","regions":{"MY_Johor_Pontian":{"name":"笨珍"},"MY_Johor_Mersing":{"name":"丰盛港"},"MY_Johor_Kota Tinggi":{"name":"哥打丁宜"},"MY_Johor_Kluang":{"name":"居銮"},"MY_Johor_Muar":{"name":"麻坡"},"MY_Johor_Segamat":{"name":"昔加末"},"MY_Johor_Johor Bahru":{"name":"新山"},"MY_Johor_Batu Pahat":{"name":"峇株巴辖"}}},"MY_Sabah":{"name":"沙巴","regions":{"MY_Sabah_Papar":{"name":"吧巴"},"MY_Sabah_Pitas":{"name":"必达士"},"MY_Sabah_Beaufort":{"name":"保佛"},"MY_Sabah_Beluran":{"name":"比鲁兰"},"MY_Sabah_Penampang":{"name":"兵南邦"},"MY_Sabah_Tambunan":{"name":"担布南"},"MY_Sabah_Tawau":{"name":"斗湖"},"MY_Sabah_Tenom":{"name":"丹南"},"MY_Sabah_Tuaran":{"name":"斗亚兰"},"MY_Sabah_Kudat":{"name":"古达"},"MY_Sabah_Kota Kinabalu":{"name":"哥打基纳巴鲁"},"MY_Sabah_Kota Belud":{"name":"古打毛律"},"MY_Sabah_Kota Marudu":{"name":"哥打马鲁都"},"MY_Sabah_Keningau":{"name":"根地咬"},"MY_Sabah_Kuala Penyu":{"name":"瓜拉班尤"},"MY_Sabah_Kunak":{"name":"古纳"},"MY_Sabah_Kinabatangan":{"name":"京那巴登岸"},"MY_Sabah_Ranau":{"name":"兰脑"},"MY_Sabah_Nabawan":{"name":"纳巴湾"},"MY_Sabah_Lahad Datu":{"name":"拿笃"},"MY_Sabah_Sandakan":{"name":"山打根"},"MY_Sabah_Semporna":{"name":"仙本那"},"MY_Sabah_Sipitang":{"name":"西比陶"}}},"MY_Sarawak":{"name":"沙捞越","regions":{"MY_Sarawak_Kuching":{"name":"古晋"},"MY_Sarawak_Kapit":{"name":"加帛"},"MY_Sarawak_Limbang":{"name":"林梦"},"MY_Sarawak_Bintulu":{"name":"民都鲁"},"MY_Sarawak_Mukah":{"name":"木胶"},"MY_Sarawak_Miri":{"name":"美里"},"MY_Sarawak_Betong":{"name":"木中"},"MY_Sarawak_Sri Aman":{"name":"斯里阿曼"},"MY_Sarawak_Sarikei":{"name":"泗里街"},"MY_Sarawak_Samarahan":{"name":"三马拉汉"},"MY_Sarawak_Sibu":{"name":"泗务"}}},"MY_Negeri Sembilan":{"name":"森美兰","regions":{"MY_Negeri Sembilan_Port Dickson":{"name":"波德申"},"MY_Negeri Sembilan_Tampin":{"name":"淡边"},"MY_Negeri Sembilan_Seremban":{"name":"芙蓉"},"MY_Negeri Sembilan_Kuala Pilah":{"name":"瓜拉庇劳"},"MY_Negeri Sembilan_Rembau":{"name":"林茂"},"MY_Negeri Sembilan_Jempol":{"name":"仁保"},"MY_Negeri Sembilan_Jelebu":{"name":"日叻务"}}},"MY_Selangor":{"name":"雪兰莪","regions":{"MY_Selangor_Petaling":{"name":"八打灵"},"MY_Selangor_Gombak":{"name":"鹅麦"},"MY_Selangor_Kuala Langat":{"name":"瓜拉冷岳"},"MY_Selangor_Kuala Selangor":{"name":"瓜拉雪兰莪"},"MY_Selangor_Sabak Bernam":{"name":"沙白安南"},"MY_Selangor_Hulu Langat":{"name":"乌鲁冷岳"},"MY_Selangor_Hulu Selangor":{"name":"乌鲁雪兰莪"},"MY_Selangor_Sepang":{"name":"雪邦"}}}}},"MC":{"name":"摩纳哥"},"MK":{"name":"马其顿"},"MZ":{"name":"莫桑比克"},"MH":{"name":"马绍尔群岛"},"MX":{"name":"墨西哥","regions":{"MX_Obregon":{"name":"奥夫雷贡城"},"MX_Aguascalientes":{"name":"阿瓜斯卡连斯特"},"MX_Orizaba":{"name":"奥里萨巴"},"MX_Hermosillo":{"name":"埃莫西约"},"MX_Campeche":{"name":"埃佩切"},"MX_Acapulco":{"name":"阿卡普尔科"},"MX_Valles":{"name":"巴利城"},"MX_Villahermosa":{"name":"比利亚埃尔莫萨"},"MX_Benito Juurez":{"name":"贝尼托·胡亚雷斯"},"MX_Poza Rica de Hidalgo":{"name":"波萨里卡"},"MX_Puerto Vallarta":{"name":"巴亚尔塔港"},"MX_Tijuana":{"name":"蒂华纳"},"MX_Durango":{"name":"杜兰戈"},"MX_Ensenada":{"name":"恩塞纳达"},"MX_Guadalajara":{"name":"瓜达拉哈拉"},"MX_Guanajuato":{"name":"瓜纳华托"},"MX_Jalapa":{"name":"哈拉帕"},"MX_Juarez":{"name":"华雷斯"},"MX_Cuernavaca":{"name":"库埃纳瓦卡"},"MX_Coatzacoalcos":{"name":"夸察夸拉克斯"},"MX_Culiacan":{"name":"库利阿坎"},"MX_Colima":{"name":"科利马"},"MX_Queretaro":{"name":"克雷塔罗"},"MX_Leon":{"name":"莱昂"},"MX_La Paz":{"name":"拉巴斯"},"MX_Reynosa":{"name":"雷诺萨"},"MX_Los Mochis":{"name":"洛斯莫奇斯"},"MX_Monclova":{"name":"蒙克洛瓦"},"MX_Merida":{"name":"梅里达"},"MX_Morelia":{"name":"莫雷利亚"},"MX_Mazatlan":{"name":"马萨特兰"},"MX_Monterrey":{"name":"蒙特雷"},"MX_Matamoros":{"name":"马塔莫罗斯"},"MX_Mexico City":{"name":"墨西哥城"},"MX_Mexicali":{"name":"墨西卡利"},"MX_Nogales":{"name":"诺加莱斯"},"MX_Puebla":{"name":"普埃布拉"},"MX_Pachuca":{"name":"帕丘卡"},"MX_Chilpancingo":{"name":"奇尔潘辛戈"},"MX_Carmen":{"name":"卡门"},"MX_Cheturnal":{"name":"切图马尔"},"MX_Chihuahua":{"name":"奇瓦瓦"},"MX_Saltillo":{"name":"萨尔蒂约"},"MX_Celaya":{"name":"塞拉亚"},"MX_San Luis Potosi":{"name":"圣路易斯波托亚"},"MX_Zacatecas":{"name":"萨卡特卡斯"},"MX_Toluca":{"name":"托卢卡"},"MX_Tlaxcala":{"name":"特拉斯卡拉"},"MX_Torreon":{"name":"托雷翁"},"MX_Tepic":{"name":"特皮克"},"MX_Tampico":{"name":"坦皮科"},"MX_Tapachula":{"name":"塔帕丘拉"},"MX_Tuxtla Gutierrez":{"name":"图斯特拉-古铁雷斯"},"MX_Tehuacan":{"name":"特瓦坎"},"MX_Victoria":{"name":"维多利亚城"},"MX_Oaxaca":{"name":"瓦哈卡"},"MX_Uruapan":{"name":"乌鲁阿潘"},"MX_Veracruz":{"name":"韦拉克鲁斯"},"MX_Nuevo Laredo":{"name":"新拉雷多"},"MX_Irapuato":{"name":"伊拉普阿托"}}},"NP":{"name":"尼泊尔"},"ZA":{"name":"南非","regions":{"ZA_Mount Ayliff":{"name":"艾利弗山"},"ZA_Upington":{"name":"阿平顿"},"ZA_Pietermaritzburg":{"name":"彼德马里茨堡"},"ZA_Pietersburg":{"name":"彼德斯堡"},"ZA_Bredasdorp":{"name":"布雷达斯多普"},"ZA_Bloemfontein":{"name":"布隆方丹"},"ZA_Bronkhorstspruit":{"name":"布隆克斯特斯普利特"},"ZA_Pretoria":{"name":"比勒陀利亚"},"ZA_Bisho":{"name":"比索"},"ZA_De Aar":{"name":"德阿尔"},"ZA_Durban":{"name":"德班"},"ZA_Barkley East":{"name":"东巴克利"},"ZA_Dundee":{"name":"邓迪"},"ZA_East London":{"name":"东伦敦"},"ZA_Vryburg":{"name":"弗雷堡"},"ZA_Vereeniging":{"name":"弗里尼欣"},"ZA_Groblersdal":{"name":"格罗布莱斯达尔"},"ZA_Kimberley":{"name":"金伯利"},"ZA_Giyani":{"name":"基雅尼"},"ZA_Klerksdorp":{"name":"克莱克斯多普"},"ZA_Kuruman":{"name":"库鲁曼"},"ZA_Cape Town":{"name":"开普敦"},"ZA_Queenstown":{"name":"昆士敦"},"ZA_Richards Bay":{"name":"理查兹湾"},"ZA_Randfontein":{"name":"兰德方丹"},"ZA_Ladysmith":{"name":"莱迪史密斯"},"ZA_Rustenburg":{"name":"利斯滕堡"},"ZA_Middelburg":{"name":"米德尔堡"},"ZA_Mkuze":{"name":"姆库泽"},"ZA_Moorreesburg":{"name":"穆里斯堡"},"ZA_Nelspruit":{"name":"内尔斯普雷特"},"ZA_Nylstroom":{"name":"尼尔斯特隆"},"ZA_Newcastle":{"name":"纽卡斯尔"},"ZA_George":{"name":"乔治"},"ZA_Secunda":{"name":"瑟孔达"},"ZA_Sasolburg":{"name":"萨索尔堡"},"ZA_Thohoyandou":{"name":"托霍延杜"},"ZA_Ixopo":{"name":"特克索波"},"ZA_Springbok":{"name":"跳羚"},"ZA_Thulamahashe":{"name":"图拉马哈谢"},"ZA_Trompsburg":{"name":"特隆普斯堡"},"ZA_Witsieshoek":{"name":"韦茨肖克"},"ZA_Welkom":{"name":"韦尔科姆"},"ZA_Ulundi":{"name":"乌伦迪"},"ZA_Umtata":{"name":"乌姆塔塔"},"ZA_Worcester":{"name":"伍斯特"},"ZA_Beaufort West":{"name":"西博福特"},"ZA_Port Shepstone":{"name":"谢普斯通港"},"ZA_Johannesburg":{"name":"约翰内斯堡"},"ZA_Port Elizabeth":{"name":"伊丽莎白港"}}},"NI":{"name":"尼加拉瓜"},"NA":{"name":"纳米比亚"},"NG":{"name":"尼日利亚"},"NO":{"name":"挪威"},"PW":{"name":"帕劳群岛"},"PT":{"name":"葡萄牙","regions":{"PT_Porto":{"name":"波尔图"},"PT_Alentejo Litoral":{"name":"滨海阿连特茹"},"PT_Pinhal Litoral":{"name":"滨海皮尼亚尔"},"PT_Douro":{"name":"杜罗"},"PT_Entre Douro e Vouga":{"name":"恩特拉杜罗伏日"},"PT_Faro":{"name":"法鲁"},"PT_Funchal":{"name":"丰沙尔"},"PT_Cova da Beira":{"name":"科瓦贝拉"},"PT_Leziria do Tejo":{"name":"利巴特茹"},"PT_Lisboa":{"name":"里斯本"},"PT_Medio Tejo":{"name":"梅地奥特茹"},"PT_Minho-Lima":{"name":"米尼奥-利马"},"PT_Beira Interior Norte":{"name":"内贝拉北"},"PT_Beira Interior Sul":{"name":"内贝拉南"},"PT_Pinhal Interior Norte":{"name":"内皮尼亚尔北"},"PT_Pinhal Interior Sul":{"name":"内皮尼亚尔南"},"PT_Ponta Delgada":{"name":"蓬塔德尔加达"},"PT_Cavado":{"name":"卡瓦多"},"PT_Alto Alentejo":{"name":"上阿连特茹"},"PT_Serra da Estrela":{"name":"山后"},"PT_Peninsula de Setubal":{"name":"塞图巴尔半岛"},"PT_Alto Tros-os-Montes":{"name":"上特拉斯山"},"PT_Tamega":{"name":"塔梅加"},"PT_Ave":{"name":"万福"},"PT_Baixo Alentejo":{"name":"下阿连特茹"},"PT_Oeste":{"name":"西部"},"PT_Baixo Vouga":{"name":"下伏日"},"PT_Baixo Mondego":{"name":"下蒙德古"},"PT_Alentejo Central":{"name":"中阿连特茹"}}},"QA":{"name":"卡塔尔"},"GE":{"name":"乔治亚"},"JP":{"name":"日本","regions":{"JP_Ehime":{"name":"爱媛"},"JP_Aichi":{"name":"爱知"},"JP_Hokkaido":{"name":"北海道"},"JP_Hyogo":{"name":"兵库"},"JP_Miyagi":{"name":"宮城"},"JP_Ibaraki":{"name":"茨城"},"JP_Nagasaki":{"name":"长崎"},"JP_Okinawa":{"name":"冲绳"},"JP_Nagano":{"name":"长野"},"JP_Osaka":{"name":"大阪"},"JP_Tokushima":{"name":"徳岛"},"JP_Oita":{"name":"大分"},"JP_Shimane":{"name":"岛根"},"JP_Tokyo":{"name":"东京"},"JP_Fukushima":{"name":"福岛"},"JP_Fukuoka":{"name":"福冈"},"JP_Fukui":{"name":"福井"},"JP_Toyama":{"name":"富山"},"JP_Hiroshima":{"name":"广岛"},"JP_Miyazaki":{"name":"宫崎"},"JP_Okayama":{"name":"冈山"},"JP_Kochi":{"name":"高知"},"JP_Wakayama":{"name":"和歌山"},"JP_Kyoto":{"name":"京都"},"JP_Shizuoka":{"name":"静冈"},"JP_Kagoshima":{"name":"鹿儿岛"},"JP_Tochigi":{"name":"枥木"},"JP_Nara":{"name":"奈良"},"JP_Tottori":{"name":"鸟取"},"JP_Gifu":{"name":"岐阜"},"JP_Gunma":{"name":"群马"},"JP_Aomori":{"name":"青森"},"JP_Akita":{"name":"秋田"},"JP_Saitama":{"name":"埼玉"},"JP_Chiba":{"name":"千叶"},"JP_Mie":{"name":"三重"},"JP_Ishikawa":{"name":"石川"},"JP_Yamaguchi":{"name":"山口"},"JP_Yamanashi":{"name":"山梨"},"JP_Kanagawa":{"name":"神奈川"},"JP_Yamagata":{"name":"山形"},"JP_Kumamoto":{"name":"熊本"},"JP_Kagawa":{"name":"香川"},"JP_Niigata":{"name":"新潟"},"JP_Iwate":{"name":"岩手"},"JP_Shiga":{"name":"滋贺"},"JP_Saga":{"name":"佐贺"}}},"SE":{"name":"瑞典","regions":{"SE_Norrbottens":{"name":"北博滕"},"SE_Blekinge":{"name":"布莱金厄"},"SE_Dalarnas":{"name":"达拉纳"},"SE_Ustergotland":{"name":"东约特兰"},"SE_Orebro":{"name":"厄勒布鲁"},"SE_Gotlands":{"name":"哥得兰"},"SE_Hallands":{"name":"哈兰"},"SE_Kronobergs":{"name":"克鲁努贝里"},"SE_Sodermanlands":{"name":"南曼兰"},"SE_Kalmar":{"name":"卡尔马"},"SE_Stockholms":{"name":"斯德哥尔摩"},"SE_Skane":{"name":"斯科耐"},"SE_Varmlands":{"name":"韦姆兰"},"SE_Uppsala":{"name":"乌普萨拉"},"SE_Vasterbottens":{"name":"西博滕"},"SE_Vastmanlands":{"name":"西曼兰"},"SE_Vasternorrlands":{"name":"西诺尔兰"},"SE_Vastra Gotalands":{"name":"西约特兰"},"SE_Gavleborgs":{"name":"耶夫勒堡"},"SE_Jamtlands":{"name":"耶姆特兰"},"SE_Jonkopings":{"name":"延雪平"}}},"CH":{"name":"瑞士","regions":{"CH_Aargau":{"name":"阿尔高"},"CH_Bern":{"name":"伯尔尼"},"CH_Basel-stadt":{"name":"巴塞尔"},"CH_Basel Landschaft":{"name":"巴塞尔乡村"},"CH_Zug":{"name":"楚格"},"CH_Freiburg":{"name":"弗里堡"},"CH_Graubnden":{"name":"格劳宾登"},"CH_Glarus":{"name":"格拉鲁斯"},"CH_Lausanne":{"name":"洛桑"},"CH_Luzern":{"name":"卢塞恩"},"CH_Appenzell Innerrhodn":{"name":"内阿彭策尔"},"CH_Neuchatel":{"name":"纳沙泰尔"},"CH_Jura":{"name":"汝拉"},"CH_Geneve":{"name":"日内瓦"},"CH_Schaffhausen":{"name":"沙夫豪森"},"CH_St.Gallen":{"name":"圣加仑"},"CH_Zurich":{"name":"苏黎世"},"CH_Solothurn":{"name":"索洛图恩"},"CH_Schwyz":{"name":"施维茨"},"CH_Obwalden":{"name":"上瓦尔登"},"CH_Thurgau":{"name":"图尔高"},"CH_Ticino":{"name":"提契诺"},"CH_Vaud":{"name":"沃"},"CH_Appenzell Ausserrhon":{"name":"外阿彭策尔"},"CH_Wallis":{"name":"瓦莱"},"CH_Uri":{"name":"乌里"},"CH_Nidwalden":{"name":"下瓦尔登"}}},"SD":{"name":"苏丹"},"CS":{"name":"塞尔维亚,黑山"},"KN":{"name":"圣基茨和尼维斯"},"SK":{"name":"斯洛伐克"},"SL":{"name":"塞拉利昂"},"LK":{"name":"斯里兰卡"},"SB":{"name":"所罗门群岛"},"SR":{"name":"苏里南"},"SI":{"name":"斯洛文尼亚"},"SM":{"name":"圣马力诺"},"WS":{"name":"萨摩亚"},"SN":{"name":"塞内加尔"},"SC":{"name":"塞舌尔"},"SA":{"name":"沙特阿拉伯","regions":{"SA_Abha":{"name":"艾卜哈"},"SA_Arar":{"name":"阿尔阿尔"},"SA_Al Hofuf":{"name":"阿尔胡富夫"},"SA_Al Mubarraz":{"name":"阿尔姆巴拉兹"},"SA_Al Kharj":{"name":"阿尔卡里"},"SA_Al Jubail":{"name":"阿尔朱拜勒"},"SA_Al Bahah":{"name":"巴哈"},"SA_Buraydah":{"name":"布赖代"},"SA_Dammam":{"name":"达曼"},"SA_Hafar al-Batin":{"name":"哈费尔巴廷"},"SA_Khamis Mushayt":{"name":"海米斯穆谢特"},"SA_Hail":{"name":"哈伊勒"},"SA_Jiddah":{"name":"吉达"},"SA_Jizan":{"name":"吉赞"},"SA_Riyad":{"name":"利雅得"},"SA_Medina":{"name":"麦地那"},"SA_Makkah":{"name":"麦加"},"SA_Najran":{"name":"纳季兰"},"SA_Sakaka":{"name":"塞卡卡"},"SA_Tabuk":{"name":"塔布克"},"SA_At Tarif":{"name":"塔伊夫"},"SA_Yanbu al-Bahr":{"name":"延布"}}},"SZ":{"name":"斯威士兰"},"TR":{"name":"土耳其","regions":{"TR_Aydin":{"name":"艾登"},"TR_Edirne":{"name":"埃迪尔内"},"TR_Adana":{"name":"阿达纳"},"TR_Adiyaman":{"name":"阿德亚曼"},"TR_Ordu":{"name":"奥尔杜"},"TR_Ardahan":{"name":"阿尔达罕"},"TR_Erzincan":{"name":"埃尔津詹"},"TR_Artvin":{"name":"阿尔特温"},"TR_Erzurum":{"name":"埃尔祖鲁姆"},"TR_Afyon":{"name":"阿菲永"},"TR_Aksaray":{"name":"阿克萨赖"},"TR_Agri":{"name":"阿勒"},"TR_Elazig":{"name":"埃拉泽"},"TR_Amasya":{"name":"阿马西亚"},"TR_Ankara":{"name":"安卡拉"},"TR_Eskisehir":{"name":"埃斯基谢希尔"},"TR_Antalya":{"name":"安塔利亚"},"TR_Burdur":{"name":"布尔杜尔"},"TR_Bursa":{"name":"布尔萨"},"TR_Bartin":{"name":"巴尔腾"},"TR_Bingol":{"name":"宾格尔"},"TR_Bolu":{"name":"博卢"},"TR_Bilecik":{"name":"比莱吉克"},"TR_Balikesir":{"name":"巴勒克埃西尔"},"TR_Bitlis":{"name":"比特利斯"},"TR_Batman":{"name":"巴特曼"},"TR_Bayburt":{"name":"巴伊布尔特"},"TR_Cankiri":{"name":"昌克勒"},"TR_Denizli":{"name":"代尼兹利"},"TR_Diyarbakir":{"name":"迪亚巴克尔"},"TR_Van":{"name":"凡"},"TR_Hakkari":{"name":"哈卡里"},"TR_Hatay":{"name":"哈塔伊"},"TR_Gaziantep":{"name":"加济安泰普"},"TR_Giresun":{"name":"吉雷松"},"TR_Kilis":{"name":"基利斯"},"TR_Gumushane":{"name":"居米什哈内"},"TR_Kirsehir":{"name":"克尔谢希尔"},"TR_Kocaeli":{"name":"科贾埃利"},"TR_Kirklareli":{"name":"柯克拉雷利"},"TR_Kirikkale":{"name":"克勒克卡莱"},"TR_Konya":{"name":"科尼亚"},"TR_Kayseri":{"name":"开塞利"},"TR_Urfa":{"name":"拉飞"},"TR_Rize":{"name":"里泽"},"TR_Mardin":{"name":"马尔丁"},"TR_Mugla":{"name":"穆拉"},"TR_Malatya":{"name":"马拉蒂亚"},"TR_Manisa":{"name":"马尼萨"},"TR_Mus":{"name":"穆什"},"TR_Nigde":{"name":"尼代"},"TR_Nevsehir":{"name":"内夫谢希尔"},"TR_Kars":{"name":"卡尔斯"},"TR_Kahraman?Maras":{"name":"卡赫拉曼马拉什"},"TR_Karabuk":{"name":"卡拉比克"},"TR_Corum":{"name":"乔鲁姆"},"TR_Karaman":{"name":"卡拉曼"},"TR_Canakkale":{"name":"恰纳卡莱"},"TR_Kastamonu":{"name":"卡斯塔莫努"},"TR_Kutahya":{"name":"屈塔希亚"},"TR_Samsun":{"name":"萨姆松"},"TR_Sakarya":{"name":"萨卡里亚"},"TR_Tekirdag":{"name":"泰基尔达"},"TR_Tunceli":{"name":"通杰利"},"TR_Trabzon":{"name":"特拉布宗"},"TR_Tokat":{"name":"托卡特"},"TR_Usak":{"name":"乌萨克"},"TR_Sirnak":{"name":"锡尔纳克"},"TR_Siirt":{"name":"锡尔特"},"TR_Sinop":{"name":"锡诺普"},"TR_Sivas":{"name":"锡瓦斯"},"TR_Igdir":{"name":"伊迪尔"},"TR_Icel":{"name":"伊切尔"},"TR_Isparta":{"name":"伊斯帕尔塔"},"TR_Istanbul":{"name":"伊斯坦布尔"},"TR_Yozgat":{"name":"约兹加特"},"TR_Izmir":{"name":"伊兹密尔"},"TR_Zonguldak":{"name":"宗古尔达克"}}},"TH":{"name":"泰国","regions":{"TH_Amnat Charoen":{"name":"安纳乍能"},"TH_Saraburi":{"name":"北标"},"TH_Kanchanaburi":{"name":"北碧"},"TH_Phetchabun":{"name":"碧差汶"},"TH_Phatthalung":{"name":"博达伦"},"TH_Pattani":{"name":"北大年"},"TH_Samut Prakan":{"name":"北揽"},"TH_Chachoengsao":{"name":"北柳"},"TH_Nakhon Sawan":{"name":"北榄坡"},"TH_Prachuap Khiri Khan":{"name":"巴蜀"},"TH_Pathum Thani":{"name":"巴吞他尼"},"TH_Prachin Buri":{"name":"巴真"},"TH_Chai Nat":{"name":"猜那"},"TH_Chumphon":{"name":"春蓬"},"TH_Chon Buri":{"name":"春武里"},"TH_Uttaradit":{"name":"程逸"},"TH_Chaiyaphum":{"name":"猜也奔"},"TH_Tak":{"name":"达"},"TH_Phra Nakhon Si Ayutthaya":{"name":"大城"},"TH_Trang":{"name":"董里"},"TH_Trat":{"name":"达叻"},"TH_Phetchaburi":{"name":"佛丕"},"TH_Nakhon Pathom":{"name":"佛统"},"TH_Kamphaeng Phet":{"name":"甘烹碧"},"TH_Lop Buri":{"name":"华富里"},"TH_Ang Thong":{"name":"红统"},"TH_Kalasin":{"name":"加拉信"},"TH_Krabi":{"name":"甲米"},"TH_Chanthaburi":{"name":"尖竹汶"},"TH_Khon Kaen":{"name":"孔敬"},"TH_Loei":{"name":"黎"},"TH_Nong Khai":{"name":"廊开"},"TH_Nakhon Si Thammarat":{"name":"洛坤"},"TH_Nong Bua Lamphu":{"name":"廊莫那浦"},"TH_Rayong":{"name":"拉农"},"TH_Ratchaburi":{"name":"叻丕"},"TH_Ranong":{"name":"罗勇"},"TH_Roi Et":{"name":"黎逸"},"TH_Samut Sakhon":{"name":"龙仔厝"},"TH_Mukdahan":{"name":"莫达汉"},"TH_Bangkok":{"name":"曼谷"},"TH_Maha Sarakham":{"name":"玛哈沙拉堪"},"TH_Nan":{"name":"难"},"TH_Lamphun":{"name":"南奔"},"TH_Nakhon Nayok":{"name":"那空那育"},"TH_Nakhon Phanom":{"name":"那空帕农"},"TH_Nonthaburi":{"name":"暖武里"},"TH_Phrae":{"name":"帕"},"TH_Phuket":{"name":"普吉"},"TH_Phichit":{"name":"披集"},"TH_Phitsanulok":{"name":"彭世洛"},"TH_Phayao":{"name":"帕尧"},"TH_Phangnga":{"name":"攀牙"},"TH_Chiang Rai":{"name":"清莱"},"TH_Chiang Mai":{"name":"清迈"},"TH_Satun":{"name":"沙敦"},"TH_Sakon Nakhon":{"name":"色军"},"TH_Sa Kaeo":{"name":"沙缴"},"TH_Sukhothai":{"name":"素可泰"},"TH_Surin":{"name":"素林"},"TH_Surat Thani":{"name":"素叻"},"TH_Suphan Buri":{"name":"素攀武里"},"TH_Songkhla":{"name":"宋卡"},"TH_Si sa ket":{"name":"四色菊"},"TH_Narathiwat":{"name":"陶公"},"TH_Udon Thani":{"name":"乌隆"},"TH_Buri Ram":{"name":"武里南"},"TH_Uthai Thani":{"name":"乌泰他尼"},"TH_Ubon Ratchathani":{"name":"乌汶"},"TH_Sing Buri":{"name":"信武里"},"TH_Mae Hong Son":{"name":"夜丰颂"},"TH_Samut Songkhram":{"name":"夜功"},"TH_Yala":{"name":"也拉"},"TH_Yasothon":{"name":"耶梭通"}}},"TO":{"name":"汤加"},"TJ":{"name":"塔吉克斯坦"},"TT":{"name":"特立尼达和多巴哥"},"TZ":{"name":"坦桑尼亚"},"GT":{"name":"危地马拉"},"UG":{"name":"乌干达"},"UA":{"name":"乌克兰","regions":{"UA_Odessa":{"name":"敖德萨"},"UA_Poltava":{"name":"波尔塔瓦"},"UA_Dnipropetrovsk":{"name":"第聂伯罗波得罗夫斯克"},"UA_Donetsk":{"name":"顿涅茨克"},"UA_Kharkiv":{"name":"哈尔科夫"},"UA_Khersonsrka":{"name":"赫尔松州"},"UA_Khmelnytsky":{"name":"赫梅利尼茨基"},"UA_Ternopil":{"name":"捷尔诺波尔"},"UA_Kyiv":{"name":"基辅"},"UA_Kirovohrad":{"name":"基洛夫格勒"},"UA_Respublika Krym":{"name":"克里米亚自治共和国"},"UA_Rivne":{"name":"罗夫诺"},"UA_Luhansk":{"name":"卢甘斯克"},"UA_Lviv":{"name":"利沃夫"},"UA_Mykolayiv":{"name":"尼古拉耶夫"},"UA_Chernivtsi":{"name":"切尔诺夫策"},"UA_Chernihiv":{"name":"切尔尼戈夫"},"UA_Cherkasy":{"name":"切尔卡瑟"},"UA_Zhytomyr":{"name":"日托米尔"},"UA_Sumy":{"name":"苏梅"},"UA_Zakarpatska":{"name":"外喀尔巴阡"},"UA_Volyn":{"name":"沃伦"},"UA_Vinnytsya":{"name":"文尼察"},"UA_Ivano-Frankivsk":{"name":"伊万－弗兰科夫州"},"UA_Zaporizhzhya":{"name":"扎波罗热"}}},"BN":{"name":"文莱"},"UY":{"name":"乌拉圭","regions":{"UY_Rainbow":{"name":"彩虹镇"}}},"VU":{"name":"瓦努阿图"},"VE":{"name":"委内瑞拉","regions":{"VE_Aragua":{"name":"阿拉瓜"},"VE_Delta Amacuro":{"name":"阿马库罗三角洲"},"VE_Apure":{"name":"阿普雷"},"VE_Anzoategui":{"name":"安索阿特吉"},"VE_Barinas":{"name":"巴里纳斯"},"VE_Bolivar":{"name":"玻利瓦尔"},"VE_Portuguesa":{"name":"波图格萨"},"VE_Falcon":{"name":"法尔孔"},"VE_Guarico":{"name":"瓜里科"},"VE_Caracas":{"name":"加拉加斯"},"VE_Cojedes":{"name":"科赫德斯"},"VE_Dependencias Federales":{"name":"联邦属地"},"VE_Lara":{"name":"拉腊"},"VE_Miranda":{"name":"米兰达"},"VE_Merida":{"name":"梅里达"},"VE_Monagas":{"name":"莫纳加斯"},"VE_Carabobo":{"name":"卡拉沃沃"},"VE_Sucre":{"name":"苏克雷"},"VE_Zulia":{"name":"苏利亚"},"VE_Trujillo":{"name":"特鲁希略"},"VE_Tachira":{"name":"塔奇拉"},"VE_Estado Nueva Esparta":{"name":"新埃斯帕塔"},"VE_Yaracuy":{"name":"亚拉奎"},"VE_Amazonas":{"name":"亚马孙"}}},"UZ":{"name":"乌兹别克斯坦"},"ES":{"name":"西班牙","regions":{"ES_Almeria":{"name":"阿尔梅里亚"},"ES_Albacete":{"name":"阿尔瓦塞特"},"ES_Alicante":{"name":"阿利坎特"},"ES_Orense":{"name":"奥伦塞"},"ES_Alava":{"name":"阿拉瓦"},"ES_Asturias":{"name":"阿斯图利亚斯"},"ES_Avila":{"name":"阿维拉"},"ES_Badajoz":{"name":"巴达霍斯"},"ES_Burgos":{"name":"布尔戈斯"},"ES_Baleares":{"name":"巴利阿里"},"ES_Valencia":{"name":"巴伦西亚"},"ES_Valladolid":{"name":"巴利亚多利德"},"ES_Vizcaya":{"name":"比斯开"},"ES_Barcelona":{"name":"巴塞罗那"},"ES_Guadalajara":{"name":"瓜达拉哈拉"},"ES_Granada":{"name":"格拉纳达"},"ES_Jaen":{"name":"哈恩"},"ES_Gerona":{"name":"赫罗纳"},"ES_Cadiz":{"name":"加的斯"},"ES_Guipuzcoa":{"name":"吉普斯夸"},"ES_Cordoba":{"name":"科尔多瓦"},"ES_Cuenca":{"name":"昆卡"},"ES_Leon":{"name":"莱昂"},"ES_Ciudad Real":{"name":"雷阿尔城"},"ES_Provincia de Lugo":{"name":"卢戈"},"ES_La Coruna":{"name":"拉科鲁尼亚"},"ES_La Rioja":{"name":"拉里奥哈"},"ES_Lleida":{"name":"莱里达"},"ES_Las Palmas":{"name":"拉斯帕尔马斯"},"ES_Madrid":{"name":"马德里"},"ES_Murcia":{"name":"穆尔西亚"},"ES_Malaga":{"name":"马拉加"},"ES_Navarra":{"name":"纳瓦拉"},"ES_Palencia":{"name":"帕伦西亚"},"ES_Provincia de Pontevedra":{"name":"蓬特韦德拉"},"ES_Caceres":{"name":"卡塞雷斯"},"ES_Castellon":{"name":"卡斯特利翁"},"ES_Segovia":{"name":"塞哥维亚"},"ES_Santa Cruz de Tenerife":{"name":"圣克鲁斯-德特内里费"},"ES_Zaragoza":{"name":"萨拉戈萨"},"ES_Salamanca":{"name":"萨拉曼卡"},"ES_Soria":{"name":"索里亚"},"ES_Zamora":{"name":"萨莫拉"},"ES_Santander":{"name":"桑坦德"},"ES_Sevilla":{"name":"塞维利亚"},"ES_Teruel":{"name":"特鲁埃尔"},"ES_Toledo":{"name":"托莱多"},"ES_Tarragona":{"name":"塔拉戈纳"},"ES_Huelva":{"name":"韦尔瓦"},"ES_Huesca":{"name":"韦斯卡"}}},"SG":{"name":"新加坡"},"NC":{"name":"新喀里多尼亚"},"GR":{"name":"希腊"},"NZ":{"name":"新西兰","regions":{"NZ_Auckland":{"name":"奥克兰"},"NZ_North Shore":{"name":"北岸"},"NZ_Blenheim":{"name":"布莱尼姆"},"NZ_Palmerston North":{"name":"北帕默斯顿"},"NZ_Far North":{"name":"北远"},"NZ_Dunedin":{"name":"达尼丁"},"NZ_Greymouth":{"name":"格雷茅斯"},"NZ_Hamilton":{"name":"哈密尔顿"},"NZ_Hastings":{"name":"黑斯廷斯"},"NZ_Waitakere":{"name":"怀塔科拉"},"NZ_Gisborne":{"name":"吉斯伯恩"},"NZ_Christchurch":{"name":"克赖斯特彻奇"},"NZ_Kaipara":{"name":"凯帕拉"},"NZ_Richmond":{"name":"里士满"},"NZ_Manukau":{"name":"马努考"},"NZ_Nelson":{"name":"纳尔逊"},"NZ_Napier":{"name":"内皮尔"},"NZ_Stratford":{"name":"斯特拉特福德"},"NZ_Taumarunui":{"name":"陶马鲁努伊"},"NZ_Whangarei":{"name":"旺阿雷"},"NZ_Wanganui":{"name":"旺格努伊"},"NZ_Whakatane":{"name":"瓦卡塔尼"},"NZ_New Plymouth":{"name":"新普利茅斯"},"NZ_Invercargill":{"name":"因弗卡吉尔"}}},"HU":{"name":"匈牙利","regions":{"HU_Budapest":{"name":"布达佩斯"},"HU_Borsod-Abauj-Zemplen":{"name":"包尔绍德-奥包乌伊-曾普伦"},"HU_Bekes":{"name":"贝凯什"},"HU_Baranya":{"name":"巴兰尼亚"},"HU_Bacs-Kiskun":{"name":"巴奇-基什孔"},"HU_Fejer":{"name":"费耶尔"},"HU_Heves":{"name":"赫维什"},"HU_Hajdu-Bihar":{"name":"豪伊杜-比豪尔"},"HU_Gyor-Moson-Sopron":{"name":"杰尔-莫松-肖普朗"},"HU_Jasz-Nagykun-Szolnok":{"name":"加兹-纳杰孔-索尔诺克"},"HU_Komarom-Esztergom":{"name":"科马罗姆"},"HU_Nograd":{"name":"诺格拉德"},"HU_Pest":{"name":"佩斯"},"HU_Csongrad":{"name":"琼格拉德"},"HU_Szabolcs-Szatmar-Bereg":{"name":"索博尔奇-索特马尔-贝拉格"},"HU_Somogy":{"name":"绍莫吉"},"HU_Tolna":{"name":"托尔瑙"},"HU_Vas":{"name":"沃什"},"HU_Veszprem":{"name":"维斯普雷姆"},"HU_Zala":{"name":"佐洛"}}},"JO":{"name":"约旦"},"IN":{"name":"印度","regions":{"IN_Agra":{"name":"阿格拉"},"IN_Ahmedabad":{"name":"艾哈迈达巴德"},"IN_Agartala":{"name":"阿加尔塔拉"},"IN_Aligarh":{"name":"阿里格尔"},"IN_Allahabad":{"name":"阿拉哈巴德"},"IN_Aurangabad":{"name":"奥兰加巴德"},"IN_Amritsar":{"name":"阿姆利则"},"IN_Aizawl":{"name":"艾藻尔"},"IN_Bhubaneswar":{"name":"布巴内斯瓦尔"},"IN_Pondicherry":{"name":"本地治里"},"IN_Bangalore":{"name":"班加罗尔"},"IN_Baroda":{"name":"巴罗达"},"IN_Nasik":{"name":"邦纳西克"},"IN_Bhopal":{"name":"博帕尔"},"IN_Bokaro":{"name":"波卡罗"},"IN_Patna":{"name":"巴特那"},"IN_Chandigarh":{"name":"昌迪加尔"},"IN_Jammu":{"name":"查谟"},"IN_Durgapur":{"name":"杜加浦"},"IN_Dehradun":{"name":"德拉敦"},"IN_Tiruchirappalli":{"name":"蒂鲁吉拉伯利"},"IN_Dimapur":{"name":"迪马普尔"},"IN_Faridabad":{"name":"法里达巴德"},"IN_Goa":{"name":"果阿"},"IN_Gandhinagar":{"name":"甘地讷格尔"},"IN_Kolhapur":{"name":"戈尔"},"IN_Gurgaon":{"name":"古尔加翁"},"IN_Gwalior":{"name":"瓜廖尔"},"IN_Guwahati":{"name":"古瓦哈提"},"IN_Coimbatore":{"name":"哥印拜陀"},"IN_Hyderabad":{"name":"海德拉巴"},"IN_Jabalpur":{"name":"贾巴尔普尔"},"IN_Kolkata":{"name":"加尔各答"},"IN_Ghaziabad":{"name":"加济阿巴德"},"IN_Jullundhar":{"name":"贾朗达尔"},"IN_Jamnagar":{"name":"贾姆纳格尔"},"IN_Chennai":{"name":"金奈"},"IN_Jodhpur":{"name":"焦特布尔"},"IN_Kanpur":{"name":"坎普尔"},"IN_Cochin":{"name":"科钦"},"IN_Cuttack":{"name":"克塔克"},"IN_Raipur":{"name":"赖布尔"},"IN_Ludhiana":{"name":"卢迪亚纳"},"IN_Rourkela":{"name":"鲁尔克拉"},"IN_Rajkot":{"name":"拉杰果德"},"IN_Lucknow":{"name":"勒克瑙"},"IN_Ranchi":{"name":"兰契"},"IN_Madurai":{"name":"马杜赖"},"IN_Margao":{"name":"马尔高"},"IN_Mangalore":{"name":"芒格洛尔"},"IN_Mumbai":{"name":"孟买"},"IN_Mysore":{"name":"迈索尔"},"IN_Nagpur":{"name":"那格浦尔"},"IN_Noida":{"name":"诺伊达"},"IN_Panjim":{"name":"潘吉姆"},"IN_Pune":{"name":"浦那"},"IN_Visakhapatnam":{"name":"維沙哈巴南"},"IN_Secunderabad":{"name":"塞康德拉巴德"},"IN_Sura":{"name":"苏拉"},"IN_Salem":{"name":"塞勒姆"},"IN_Srinagar":{"name":"斯利那加"},"IN_Thiruvananthapuram":{"name":"特里凡得琅"},"IN_Thane":{"name":"塔那"},"IN_Udaipur":{"name":"乌代布尔"},"IN_Vijayawada":{"name":"维杰亚瓦达"},"IN_Vellore":{"name":"韦洛尔"},"IN_Varanasi":{"name":"瓦拉纳西"},"IN_New Delhi":{"name":"新德里"},"IN_Shillong":{"name":"西隆"},"IN_Siliguri":{"name":"西里古里"},"IN_Indore":{"name":"印多尔"},"IN_Imphal":{"name":"因帕尔"},"IN_Jaipur":{"name":"斋普尔"},"IN_Jamshedpur":{"name":"詹谢普尔"}}},"IT":{"name":"意大利","regions":{"IT_Olbia-Tempio":{"name":"奥尔比亚"},"IT_Ancona":{"name":"安科纳"},"IT_Oristano":{"name":"奥里斯塔诺"},"IT_Asti":{"name":"阿斯蒂"},"IT_Ascoli Piceno":{"name":"阿斯科利皮切诺"},"IT_Aosta":{"name":"奥斯塔"},"IT_Pordenone":{"name":"波代诺内"},"IT_Bergamo":{"name":"贝加莫"},"IT_Bari":{"name":"巴里"},"IT_Biella":{"name":"布拉"},"IT_Brindisi":{"name":"布林迪西"},"IT_Palermo":{"name":"巴勒莫"},"IT_Bologna":{"name":"博洛尼亚"},"IT_Brescia":{"name":"布雷西亚"},"IT_Benevento":{"name":"贝内文托"},"IT_Pisa":{"name":"比萨"},"IT_Potenza":{"name":"波坦察"},"IT_Turin":{"name":"都灵"},"IT_Trieste":{"name":"的里雅斯特"},"IT_Foggia":{"name":"福贾"},"IT_Ferrara":{"name":"费拉拉"},"IT_Firenze":{"name":"佛罗伦萨"},"IT_Campobasso":{"name":"坎波巴索"},"IT_Crotone":{"name":"克罗托内"},"IT_Como":{"name":"科摩"},"IT_Cuneo":{"name":"库内奥"},"IT_Cosenza":{"name":"科森扎"},"IT_Reggio Emilia":{"name":"雷焦艾米利亚"},"IT_Reggio Calabria":{"name":"雷焦卡拉布里亚"},"IT_Lecco":{"name":"莱科"},"IT_L'Aquila":{"name":"拉奎拉"},"IT_Roma":{"name":"罗马"},"IT_Lecce":{"name":"莱切"},"IT_La Spezia":{"name":"拉斯佩齐亚"},"IT_Livorno":{"name":"里窝那"},"IT_Modena":{"name":"摩德纳"},"IT_Milano":{"name":"米兰"},"IT_Massa-Carrara":{"name":"马萨"},"IT_Matera":{"name":"马泰拉"},"IT_Messina":{"name":"墨西拿"},"IT_Monza e Brianza":{"name":"蒙扎"},"IT_Nuoro":{"name":"努奥罗"},"IT_Naples":{"name":"那不勒斯"},"IT_Novara":{"name":"诺瓦拉"},"IT_Parma":{"name":"帕尔马"},"IT_Perugia":{"name":"佩鲁贾"},"IT_Pavia":{"name":"帕维亚"},"IT_Cagliari":{"name":"卡利亚里"},"IT_Caserta":{"name":"卡塞塔"},"IT_Catania":{"name":"卡塔尼亚"},"IT_Catanzaro":{"name":"卡坦扎罗"},"IT_Genova":{"name":"热那亚"},"IT_Salerno":{"name":"萨莱诺"},"IT_Sassari":{"name":"萨萨里"},"IT_Savona":{"name":"萨沃纳"},"IT_Trapani":{"name":"特拉帕尼"},"IT_Trento":{"name":"特伦托"},"IT_Taranto":{"name":"塔兰托"},"IT_Udine":{"name":"乌迪内"},"IT_Vercelli":{"name":"韦尔切利"},"IT_Venice":{"name":"威尼斯"},"IT_Viterbo":{"name":"维泰博"},"IT_Syracuse":{"name":"锡拉库扎"},"IT_Siena":{"name":"锡耶纳"},"IT_Alessandria":{"name":"亚历山德里亚"},"IT_Isernia":{"name":"伊塞尔尼亚"}}},"ID":{"name":"印度尼西亚","regions":{"ID_Kepulauan Bangka Belitung":{"name":"邦加－勿里洞群岛"},"ID_Bali":{"name":"巴厘"},"ID_Sulawesi Utara":{"name":"北苏拉威西"},"ID_Sumatera Utara":{"name":"北苏门答腊"},"ID_Kalimantan Timur":{"name":"东加里曼丹"},"ID_Nusa Tenggara Timur":{"name":"东努沙登加拉"},"ID_Sulawesi Tenggara":{"name":"东南苏拉威西"},"ID_Daerah Tingkat I Kalimantan Barat":{"name":"大雅加达首都特区"},"ID_Java Timur":{"name":"东爪哇"},"ID_Riau":{"name":"廖内"},"ID_Bengkulu":{"name":"明古鲁"},"ID_Maluku":{"name":"马鲁古"},"ID_Lampung":{"name":"楠榜"},"ID_Kalimantan Selatan":{"name":"南加里曼丹"},"ID_Sulawesi Selatan":{"name":"南苏拉威西"},"ID_Sumatera Selatan":{"name":"南苏门答腊"},"ID_Daerah Istimewa Yogyakarta":{"name":"日惹特区"},"ID_Banten":{"name":"万丹"},"ID_Nusa Tenggara Barat":{"name":"西努沙登加拉"},"ID_Sumatera Barat":{"name":"西苏门答腊"},"ID_Java Barat":{"name":"西爪哇"},"ID_Jakarta Raya":{"name":"雅加达"},"ID_Irian Jaya":{"name":"伊里安查亚"},"ID_Aceh":{"name":"亚齐"},"ID_Jambi":{"name":"占碑"},"ID_Kalimantan Tengah":{"name":"中加里曼丹"},"ID_Sulawesi Tengah":{"name":"中苏拉威西"},"ID_Java Tengah":{"name":"中爪哇"}}},"GB":{"name":"英国","regions":{"GB_Northern Ireland":{"name":"北爱尔兰","regions":{"GB_Northern Ireland_Belfast":{"name":"贝尔法斯特"},"GB_Northern Ireland_Derry":{"name":"德里"},"GB_Northern Ireland_Lisburn":{"name":"利斯本"},"GB_Northern Ireland_Newry":{"name":"纽里"}}},"GB_Scotland":{"name":"苏格兰","regions":{"GB_Scotland_Aberdeen":{"name":"阿伯丁"},"GB_Scotland_Edinburgh":{"name":"爱丁堡"},"GB_Scotland_Dundee":{"name":"丹迪"},"GB_Scotland_Glasgow":{"name":"格拉斯哥"},"GB_Scotland_Stirling":{"name":"斯特灵"},"GB_Scotland_Inverness":{"name":"因弗内斯"}}},"GB_Wales":{"name":"威尔士","regions":{"GB_Wales_Bangor":{"name":"班戈"},"GB_Wales_Newport":{"name":"纽波特"},"GB_Wales_Cardiff":{"name":"卡迪夫"},"GB_Wales_Swansea":{"name":"斯旺西"}}},"GB_England":{"name":"英格兰","regions":{"GB_England_Exeter":{"name":"爱塞特"},"GB_England_Peterborough":{"name":"彼得伯勒"},"GB_England_Bradford":{"name":"布拉德福德"},"GB_England_Brighton & Hove":{"name":"布莱顿霍夫"},"GB_England_Bristol":{"name":"布里斯托尔"},"GB_England_Birmingham":{"name":"伯明翰"},"GB_England_Bath":{"name":"巴斯"},"GB_England_Derby":{"name":"德比"},"GB_England_Durham":{"name":"德罕"},"GB_England_Gloucester":{"name":"格洛斯特"},"GB_England_Kingston upon Hull":{"name":"赫尔河畔京斯敦"},"GB_England_Hereford":{"name":"赫里福德"},"GB_England_Cambridge":{"name":"剑桥"},"GB_England_Canterbury":{"name":"坎特伯雷"},"GB_England_Coventry":{"name":"考文垂"},"GB_England_London":{"name":"伦敦"},"GB_England_Lincoln":{"name":"林肯"},"GB_England_Lancaster":{"name":"兰开斯特"},"GB_England_Ripon":{"name":"里彭"},"GB_England_Lichfield":{"name":"利奇菲尔德"},"GB_England_Leicester":{"name":"列斯特"},"GB_England_Liverpool":{"name":"利物浦"},"GB_England_Leeds":{"name":"利茲"},"GB_England_Manchester":{"name":"曼彻斯特"},"GB_England_Southampton":{"name":"南安普敦"},"GB_England_Nottingham":{"name":"诺丁汉"},"GB_England_Oxford":{"name":"牛津"},"GB_England_Norwich":{"name":"诺里奇"},"GB_England_Newcastle":{"name":"纽卡斯尔"},"GB_England_Portsmouth":{"name":"朴茨茅斯"},"GB_England_Plymouth":{"name":"普利茅斯"},"GB_England_Preston":{"name":"普雷斯顿"},"GB_England_Carlisle":{"name":"卡莱尔"},"GB_England_Chichester":{"name":"奇切斯特"},"GB_England_Chester":{"name":"切斯特"},"GB_England_Saint Albans":{"name":"圣阿本斯"},"GB_England_Sunderland":{"name":"桑德兰"},"GB_England_Salisbury":{"name":"索尔斯堡"},"GB_England_Salford":{"name":"索福特"},"GB_England_Truro":{"name":"特鲁罗"},"GB_England_Stoke-on-Trent":{"name":"特伦特河畔斯多克"},"GB_England_Winchester":{"name":"温彻斯特"},"GB_England_Wolverhampton":{"name":"伍尔弗汉普顿"},"GB_England_Wells":{"name":"威尔斯"},"GB_England_Wakefield":{"name":"韦克菲尔德"},"GB_England_Worcester":{"name":"伍斯特"},"GB_England_Sheffield":{"name":"谢菲尔德"},"GB_England_York":{"name":"约克"},"GB_England_Ely":{"name":"伊利"}}}}},"IR":{"name":"伊朗"},"IQ":{"name":"伊拉克"},"YE":{"name":"也门"},"JM":{"name":"牙买加"},"AM":{"name":"亚美尼亚"},"VN":{"name":"越南","regions":{"VN_Haiphong":{"name":"海防"},"VN_Hanoi":{"name":"河内"},"VN_Ho Chi Minh City":{"name":"胡志明市"}}},"IL":{"name":"以色列"},"GI":{"name":"直布罗陀"},"ZM":{"name":"赞比亚"},"CF":{"name":"中非共和国"},"CN":{"name":"中国","regions":{"CN_Anhui":{"name":"安徽","regions":{"CN_Anhui_Anqing":{"name":"安庆"},"CN_Anhui_Bengbu":{"name":"蚌埠"},"CN_Anhui_Bozhou":{"name":"亳州"},"CN_Anhui_Chaohu":{"name":"巢湖"},"CN_Anhui_Chizhou":{"name":"池州"},"CN_Anhui_Chuzhou":{"name":"滁州"},"CN_Anhui_Fuyang":{"name":"阜阳"},"CN_Anhui_Huaibei":{"name":"淮北"},"CN_Anhui_Hefei":{"name":"合肥"},"CN_Anhui_Huainan":{"name":"淮南"},"CN_Anhui_Huangshan":{"name":"黄山"},"CN_Anhui_Luan":{"name":"六安"},"CN_Anhui_MOS":{"name":"马鞍山"},"CN_Anhui_Suzhou":{"name":"宿州"},"CN_Anhui_Tongling":{"name":"铜陵"},"CN_Anhui_Wuhu":{"name":"芜湖"},"CN_Anhui_Xuancheng":{"name":"宣城"}}},"CN_Macao":{"name":"澳门","regions":{"CN_Macao_Cathedral":{"name":"大堂区"},"CN_Macao_Taipa":{"name":"氹仔"},"CN_Macao_St. Lawrence":{"name":"风顺堂区"},"CN_Macao_Fatima":{"name":"花地玛堂区"},"CN_Macao_Coloane":{"name":"路环岛"},"CN_Macao_St. Anthony":{"name":"圣安多尼堂区"},"CN_Macao_St. Lazarus":{"name":"望德堂区"}}},"CN_Beijing":{"name":"北京","regions":{"CN_Beijing_Changping":{"name":"昌平"},"CN_Beijing_Chaoyang":{"name":"朝阳"},"CN_Beijing_East":{"name":"东城"},"CN_Beijing_Daxing":{"name":"大兴"},"CN_Beijing_Fangshan":{"name":"房山"},"CN_Beijing_Fengtai":{"name":"丰台"},"CN_Beijing_Haidian":{"name":"海淀"},"CN_Beijing_Huairou":{"name":"怀柔"},"CN_Beijing_Mentougou":{"name":"门头沟"},"CN_Beijing_Miyun":{"name":"密云"},"CN_Beijing_Pinggu":{"name":"平谷"},"CN_Beijing_Shijingshan":{"name":"石景山"},"CN_Beijing_Shunyi":{"name":"顺义"},"CN_Beijing_Tongzhou":{"name":"通州"},"CN_Beijing_West":{"name":"西城"},"CN_Beijing_Yanqing":{"name":"延庆"}}},"CN_Chongqing":{"name":"重庆","regions":{"CN_Chongqing_Beibei":{"name":"北碚"},"CN_Chongqing_Banan":{"name":"巴南"},"CN_Chongqing_Bishan":{"name":"璧山"},"CN_Chongqing_Chengkou":{"name":"城口"},"CN_Chongqing_longevity":{"name":"长寿"},"CN_Chongqing_Dadukou":{"name":"大渡口"},"CN_Chongqing_Dianjiang":{"name":"垫江"},"CN_Chongqing_Dazu":{"name":"大足"},"CN_Chongqing_Fengdu":{"name":"丰都"},"CN_Chongqing_Fengjie":{"name":"奉节"},"CN_Chongqing_Fuling":{"name":"涪陵"},"CN_Chongqing_Aikawa":{"name":"合川"},"CN_Chongqing_Jiangbei":{"name":"江北"},"CN_Chongqing_Jiangjin":{"name":"江津"},"CN_Chongqing_Jiulongpo":{"name":"九龙坡"},"CN_Chongqing_Kaixian":{"name":"开县"},"CN_Chongqing_Two Rivers":{"name":"两江新区"},"CN_Chongqing_Liangping":{"name":"梁平"},"CN_Chongqing_South Bank":{"name":"南岸"},"CN_Chongqing_Nanchuan":{"name":"南川"},"CN_Chongqing_Pengshui":{"name":"彭水"},"CN_Chongqing_Qijiang":{"name":"綦江"},"CN_Chongqing_Qianjiang":{"name":"黔江"},"CN_Chongqing_Rongchang":{"name":"荣昌"},"CN_Chongqing_Shapingba":{"name":"沙坪坝"},"CN_Chongqing_Shuangqiao":{"name":"双桥"},"CN_Chongqing_columns":{"name":"石柱"},"CN_Chongqing_Tongliang":{"name":"铜梁"},"CN_Chongqing_Tongnan":{"name":"潼南"},"CN_Chongqing_Wulong":{"name":"武隆"},"CN_Chongqing_Pine Valley":{"name":"万盛"},"CN_Chongqing_Wushan":{"name":"巫山"},"CN_Chongqing_Wuxi":{"name":"巫溪"},"CN_Chongqing_Wanzhou":{"name":"万州"},"CN_Chongqing_Xiushan":{"name":"秀山"},"CN_Chongqing_Yubei":{"name":"渝北"},"CN_Chongqing_Yongchuan":{"name":"永川"},"CN_Chongqing_Yunyang":{"name":"云阳"},"CN_Chongqing_Youyang":{"name":"酉阳"},"CN_Chongqing_Yuzhong":{"name":"渝中"},"CN_Chongqing_Zhongxian":{"name":"忠县"}}},"CN_Fujian":{"name":"福建","regions":{"CN_Fujian_Fuzhou":{"name":"福州"},"CN_Fujian_Longyan":{"name":"龙岩"},"CN_Fujian_Ningde":{"name":"宁德"},"CN_Fujian_Nanping":{"name":"南平"},"CN_Fujian_Putian":{"name":"莆田"},"CN_Fujian_Quanzhou":{"name":"泉州"},"CN_Fujian_Sanming":{"name":"三明"},"CN_Fujian_Xiamen":{"name":"厦门"},"CN_Fujian_Zhangzhou":{"name":"漳州"}}},"CN_Guangdong":{"name":"广东","regions":{"CN_Guangdong_Chaozhou":{"name":"潮州"},"CN_Guangdong_Dongguan":{"name":"东莞"},"CN_Guangdong_Foshan":{"name":"佛山"},"CN_Guangdong_Guangzhou":{"name":"广州"},"CN_Guangdong_Heyuan":{"name":"河源"},"CN_Guangdong_Huizhou":{"name":"惠州"},"CN_Guangdong_Jiangmen":{"name":"江门"},"CN_Guangdong_Jieyang":{"name":"揭阳"},"CN_Guangdong_Maoming":{"name":"茂名"},"CN_Guangdong_Meizhou":{"name":"梅州"},"CN_Guangdong_Qingyuan":{"name":"清远"},"CN_Guangdong_Shaoguan":{"name":"韶关"},"CN_Guangdong_Shantou":{"name":"汕头"},"CN_Guangdong_Shanwei":{"name":"汕尾"},"CN_Guangdong_Shenzhen":{"name":"深圳"},"CN_Guangdong_Yunfu":{"name":"云浮"},"CN_Guangdong_Yangjiang":{"name":"阳江"},"CN_Guangdong_Zhuhai":{"name":"珠海"},"CN_Guangdong_Zhanjiang":{"name":"湛江"},"CN_Guangdong_Zhaoqing":{"name":"肇庆"},"CN_Guangdong_Zhongshan":{"name":"中山"}}},"CN_Gansu":{"name":"甘肃","regions":{"CN_Gansu_Silver":{"name":"白银"},"CN_Gansu_Dingxi":{"name":"定西"},"CN_Gansu_Gannan":{"name":"甘南"},"CN_Gansu_Jinchang":{"name":"金昌"},"CN_Gansu_Jiuquan":{"name":"酒泉"},"CN_Gansu_Jiayuguan":{"name":"嘉峪关"},"CN_Gansu_Longnan":{"name":"陇南"},"CN_Gansu_Linxia":{"name":"临夏"},"CN_Gansu_Lanzhou":{"name":"兰州市"},"CN_Gansu_Pingliang":{"name":"平凉"},"CN_Gansu_Qingyang":{"name":"庆阳"},"CN_Gansu_Tin Shui":{"name":"天水"},"CN_Gansu_Wuwei":{"name":"武威"},"CN_Gansu_Zhangye":{"name":"张掖"}}},"CN_Guangxi":{"name":"广西","regions":{"CN_Guangxi_Beihai":{"name":"北海"},"CN_Guangxi_Baise":{"name":"百色"},"CN_Guangxi_Chongzuo":{"name":"崇左"},"CN_Guangxi_Fangchenggang":{"name":"防城港"},"CN_Guangxi_Guigang":{"name":"贵港"},"CN_Guangxi_Guilin":{"name":"桂林"},"CN_Guangxi_Hechi":{"name":"河池"},"CN_Guangxi_Hezhou":{"name":"贺州"},"CN_Guangxi_guests":{"name":"来宾"},"CN_Guangxi_Liuzhou":{"name":"柳州"},"CN_Guangxi_Nanning":{"name":"南宁"},"CN_Guangxi_Chow":{"name":"钦州"},"CN_Guangxi_Wuzhou":{"name":"梧州"},"CN_Guangxi_Yulin":{"name":"玉林"}}},"CN_Guizhou":{"name":"贵州","regions":{"CN_Guizhou_Anshun":{"name":"安顺"},"CN_Guizhou_Bijie":{"name":"毕节"},"CN_Guizhou_Guiyang":{"name":"贵阳"},"CN_Guizhou_Liupanshui":{"name":"六盘水"},"CN_Guizhou_Southeast":{"name":"黔东南"},"CN_Guizhou_South Guizhou":{"name":"黔南"},"CN_Guizhou_Southwest Guizhou":{"name":"黔西南"},"CN_Guizhou_Tongren":{"name":"铜仁"},"CN_Guizhou_Lawrence":{"name":"遵义"}}},"CN_Hubei":{"name":"湖北","regions":{"CN_Hubei_Enshi":{"name":"恩施"},"CN_Hubei_Ezhou":{"name":"鄂州"},"CN_Hubei_Huanggang":{"name":"黄冈"},"CN_Hubei_Yellowstone":{"name":"黄石"},"CN_Hubei_Jingmen":{"name":"荆门"},"CN_Hubei_Jingzhou":{"name":"荆州"},"CN_Hubei_Qianjiang":{"name":"潜江"},"CN_Hubei_Shennongjia":{"name":"神农架"},"CN_Hubei_Shiyan":{"name":"十堰"},"CN_Hubei_Suizhou":{"name":"随州"},"CN_Hubei_Tianmen":{"name":"天门"},"CN_Hubei_Wuhan":{"name":"武汉"},"CN_Hubei_Xiaogan":{"name":"孝感"},"CN_Hubei_Xianning":{"name":"咸宁"},"CN_Hubei_Bristol":{"name":"仙桃"},"CN_Hubei_Yangyang":{"name":"襄阳"},"CN_Hubei_Yichang":{"name":"宜昌"}}},"CN_Hebei":{"name":"河北","regions":{"CN_Hebei_Baoding":{"name":"保定"},"CN_Hebei_Chengde":{"name":"承德"},"CN_Hebei_Cangzhou":{"name":"沧州"},"CN_Hebei_Handan":{"name":"邯郸"},"CN_Hebei_Hengshui":{"name":"衡水"},"CN_Hebei_Langfang":{"name":"廊坊"},"CN_Hebei_Qinhuangdao":{"name":"秦皇岛"},"CN_Hebei_Shijiazhuang":{"name":"石家庄"},"CN_Hebei_Tangshan":{"name":"唐山"},"CN_Hebei_Xingtai":{"name":"邢台"},"CN_Hebei_Zhangjiakou":{"name":"张家口"}}},"CN_Heilongjiang":{"name":"黑龙江","regions":{"CN_Heilongjiang_Daqing":{"name":"大庆"},"CN_Heilongjiang_Mountains":{"name":"大兴安岭"},"CN_Heilongjiang_Harbin":{"name":"哈尔滨"},"CN_Heilongjiang_Hegang":{"name":"鹤岗"},"CN_Heilongjiang_Heihe":{"name":"黑河"},"CN_Heilongjiang_Jiamusi":{"name":"佳木斯"},"CN_Heilongjiang_Jixi":{"name":"鸡西"},"CN_Heilongjiang_Mudanjiang":{"name":"牡丹江"},"CN_Heilongjiang_Qiqihar":{"name":"齐齐哈尔"},"CN_Heilongjiang_Qitaihe":{"name":"七台河"},"CN_Heilongjiang_Suihua":{"name":"绥化"},"CN_Heilongjiang_Shuangyashan":{"name":"双鸭山"},"CN_Heilongjiang_Yichun":{"name":"伊春"}}},"CN_Hunan":{"name":"湖南","regions":{"CN_Hunan_Changde":{"name":"常德"},"CN_Hunan_Changsha":{"name":"长沙"},"CN_Hunan_Chenzhou":{"name":"郴州"},"CN_Hunan_Huaihua":{"name":"怀化"},"CN_Hunan_Hengyang":{"name":"衡阳"},"CN_Hunan_Loudi":{"name":"娄底"},"CN_Hunan_Shaoyang":{"name":"邵阳"},"CN_Hunan_Xiangtan":{"name":"湘潭"},"CN_Hunan_Xiangxi":{"name":"湘西"},"CN_Hunan_Yiyang":{"name":"益阳"},"CN_Hunan_Yueyang":{"name":"岳阳"},"CN_Hunan_Yongzhou":{"name":"永州"},"CN_Hunan_Zhangjiajie":{"name":"张家界"},"CN_Hunan_Zhuzhou":{"name":"株洲"}}},"CN_Henan":{"name":"河南","regions":{"CN_Henan_Anyang":{"name":"安阳"},"CN_Henan_Hebi":{"name":"鹤壁"},"CN_Henan_Jiyuan":{"name":"济源"},"CN_Henan_Jiaozuo":{"name":"焦作"},"CN_Henan_Kaifeng":{"name":"开封"},"CN_Henan_Luohe":{"name":"漯河"},"CN_Henan_Luoyang":{"name":"洛阳"},"CN_Henan_Nanyang":{"name":"南阳"},"CN_Henan_mesa":{"name":"平顶山"},"CN_Henan_Puyang":{"name":"濮阳"},"CN_Henan_Sanmenxia":{"name":"三门峡"},"CN_Henan_Shangqiu":{"name":"商丘"},"CN_Henan_Xuchang":{"name":"许昌"},"CN_Henan_Xinxiang":{"name":"新乡"},"CN_Henan_Xinyang":{"name":"信阳"},"CN_Henan_Zhoukou":{"name":"周口"},"CN_Henan_Zhumadian":{"name":"驻马店"},"CN_Henan_Zhengzhou":{"name":"郑州"}}},"CN_Hainan":{"name":"海南","regions":{"CN_Hainan_White Sands":{"name":"白沙"},"CN_Hainan_Baoting":{"name":"保亭"},"CN_Hainan_Changjiang":{"name":"昌江"},"CN_Hainan_Chengmai":{"name":"澄迈"},"CN_Hainan_Honour":{"name":"定安"},"CN_Hainan_East":{"name":"东方"},"CN_Hainan_Danzhou":{"name":"儋州"},"CN_Hainan_Haikou":{"name":"海口"},"CN_Hainan_Music East":{"name":"乐东"},"CN_Hainan_Pro High":{"name":"临高"},"CN_Hainan_Lingshui":{"name":"陵水"},"CN_Hainan_Nansha":{"name":"南沙"},"CN_Hainan_Qionghai":{"name":"琼海"},"CN_Hainan_Qiongzhong":{"name":"琼中"},"CN_Hainan_Sanya":{"name":"三亚"},"CN_Hainan_Tunchang":{"name":"屯昌"},"CN_Hainan_Wenchang":{"name":"文昌"},"CN_Hainan_Manning":{"name":"万宁"},"CN_Hainan_Fingers":{"name":"五指山"},"CN_Hainan_Xisha":{"name":"西沙"},"CN_Hainan_in the sand":{"name":"中沙"}}},"CN_Jilin":{"name":"吉林","regions":{"CN_Jilin_White City":{"name":"白城"},"CN_Jilin_White Mountains":{"name":"长白山"},"CN_Jilin_Changchun":{"name":"长春"},"CN_Jilin_Jilin":{"name":"吉林"},"CN_Jilin_Liaoyuan":{"name":"辽源"},"CN_Jilin_Siping":{"name":"四平"},"CN_Jilin_Matsubara":{"name":"松原"},"CN_Jilin_Tonghua":{"name":"通化"},"CN_Jilin_Yanbian":{"name":"延边"}}},"CN_Jiangsu":{"name":"江苏","regions":{"CN_Jiangsu_Changzhou":{"name":"常州"},"CN_Jiangsu_Huai":{"name":"淮安"},"CN_Jiangsu_Lianyungang":{"name":"连云港"},"CN_Jiangsu_Nanjing":{"name":"南京"},"CN_Jiangsu_Nantong":{"name":"南通"},"CN_Jiangsu_Suqian":{"name":"宿迁"},"CN_Jiangsu_Suzhou":{"name":"苏州"},"CN_Jiangsu_Taizhou":{"name":"泰州"},"CN_Jiangsu_Wuxi":{"name":"无锡"},"CN_Jiangsu_Xuzhou":{"name":"徐州"},"CN_Jiangsu_Yancheng":{"name":"盐城"},"CN_Jiangsu_Yangzhou":{"name":"扬州"},"CN_Jiangsu_Zhenjiang":{"name":"镇江"}}},"CN_Jiangxi":{"name":"江西","regions":{"CN_Jiangxi_Fuzhou":{"name":"抚州"},"CN_Jiangxi_Ganzhou":{"name":"赣州"},"CN_Jiangxi_Jian":{"name":"吉安"},"CN_Jiangxi_Jingdezhen":{"name":"景德镇"},"CN_Jiangxi_Jiujiang":{"name":"九江"},"CN_Jiangxi_Nanchang":{"name":"南昌"},"CN_Jiangxi_Pingxiang":{"name":"萍乡"},"CN_Jiangxi_Shangrao":{"name":"上饶"},"CN_Jiangxi_Xinyu":{"name":"新余"},"CN_Jiangxi_Yichun":{"name":"宜春"},"CN_Jiangxi_Yingtan":{"name":"鹰潭"}}},"CN_Liaoning":{"name":"辽宁","regions":{"CN_Liaoning_Anshan":{"name":"鞍山"},"CN_Liaoning_Benxi":{"name":"本溪"},"CN_Liaoning_Chaoyang":{"name":"朝阳"},"CN_Liaoning_Dandong":{"name":"丹东"},"CN_Liaoning_Dalian":{"name":"大连"},"CN_Liaoning_Fushun":{"name":"抚顺"},"CN_Liaoning_Fuxin":{"name":"阜新"},"CN_Liaoning_Huludao":{"name":"葫芦岛"},"CN_Liaoning_Jinzhou":{"name":"锦州"},"CN_Liaoning_Liaoyang":{"name":"辽阳"},"CN_Liaoning_Panjin":{"name":"盘锦"},"CN_Liaoning_Shenyang":{"name":"沈阳"},"CN_Liaoning_Tieling":{"name":"铁岭"},"CN_Liaoning_Yingkou":{"name":"营口"}}},"CN_Inner Mongolia":{"name":"内蒙古","regions":{"CN_Inner Mongolia_Alxa":{"name":"阿拉善"},"CN_Inner Mongolia_Baotou":{"name":"包头"},"CN_Inner Mongolia_Bayannur":{"name":"巴彦淖尔"},"CN_Inner Mongolia_Chifeng":{"name":"赤峰"},"CN_Inner Mongolia_Erdos":{"name":"鄂尔多斯"},"CN_Inner Mongolia_Hohhot":{"name":"呼和浩特"},"CN_Inner Mongolia_Hulunbeier":{"name":"呼伦贝尔"},"CN_Inner Mongolia_Tongliao":{"name":"通辽"},"CN_Inner Mongolia_Wuhai":{"name":"乌海"},"CN_Inner Mongolia_Bu":{"name":"乌兰察布"},"CN_Inner Mongolia_Xing":{"name":"兴安"},"CN_Inner Mongolia_Gol":{"name":"锡林郭勒"}}},"CN_Ningxia":{"name":"宁夏","regions":{"CN_Ningxia_Guyuan":{"name":"固原"},"CN_Ningxia_Shizuishan":{"name":"石嘴山"},"CN_Ningxia_Wuzhong":{"name":"吴忠"},"CN_Ningxia_Yinchuan":{"name":"银川"},"CN_Ningxia_Zhongwei":{"name":"中卫"}}},"CN_Qinghai":{"name":"青海","regions":{"CN_Qinghai_Guoluo":{"name":"果洛"},"CN_Qinghai_rambling":{"name":"海北"},"CN_Qinghai_Haidong":{"name":"海东"},"CN_Qinghai_Huangnan":{"name":"黄南"},"CN_Qinghai_Hainan":{"name":"海南"},"CN_Qinghai_Hercynian":{"name":"海西"},"CN_Qinghai_Xining":{"name":"西宁"},"CN_Qinghai_Yushu":{"name":"玉树"}}},"CN_Sichuan":{"name":"四川","regions":{"CN_Sichuan_Aba":{"name":"阿坝"},"CN_Sichuan_Pakistan":{"name":"巴中"},"CN_Sichuan_Chengdu":{"name":"成都"},"CN_Sichuan_Deyang":{"name":"德阳"},"CN_Sichuan_Florida":{"name":"达州"},"CN_Sichuan_Kwong":{"name":"广安"},"CN_Sichuan_Guangyuan":{"name":"广元"},"CN_Sichuan_Ganzi":{"name":"甘孜"},"CN_Sichuan_Liangshan":{"name":"凉山"},"CN_Sichuan_Leshan":{"name":"乐山"},"CN_Sichuan_Luzhou":{"name":"泸州"},"CN_Sichuan_Meishan":{"name":"眉山"},"CN_Sichuan_Mianyang":{"name":"绵阳"},"CN_Sichuan_Nanchong":{"name":"南充"},"CN_Sichuan_Neijiang":{"name":"内江"},"CN_Sichuan_Panzhihua":{"name":"攀枝花"},"CN_Sichuan_Suining":{"name":"遂宁"},"CN_Sichuan_Yaan":{"name":"雅安"},"CN_Sichuan_Yibin":{"name":"宜宾"},"CN_Sichuan_Zigong":{"name":"自贡"},"CN_Sichuan_Ziyang":{"name":"资阳"}}},"CN_Shandong":{"name":"山东","regions":{"CN_Shandong_Binzhou":{"name":"滨州"},"CN_Shandong_Dongying":{"name":"东营"},"CN_Shandong_Texas":{"name":"德州"},"CN_Shandong_Heze":{"name":"菏泽"},"CN_Shandong_Jinan":{"name":"济南"},"CN_Shandong_Jining":{"name":"济宁"},"CN_Shandong_Liaocheng":{"name":"聊城"},"CN_Shandong_Laiwu":{"name":"莱芜"},"CN_Shandong_Linyi":{"name":"临沂"},"CN_Shandong_Qingdao":{"name":"青岛"},"CN_Shandong_Rizhao":{"name":"日照"},"CN_Shandong_Taian":{"name":"泰安"},"CN_Shandong_Weifang":{"name":"潍坊"},"CN_Shandong_Weihai":{"name":"威海"},"CN_Shandong_Yantai":{"name":"烟台"},"CN_Shandong_Zibo":{"name":"淄博"},"CN_Shandong_Zaozhuang":{"name":"枣庄"}}},"CN_Shanghai":{"name":"上海","regions":{"CN_Shanghai_Baoshan":{"name":"宝山"},"CN_Shanghai_Chongming":{"name":"崇明"},"CN_Shanghai_Changning":{"name":"长宁"},"CN_Shanghai_Fengxian":{"name":"奉贤"},"CN_Shanghai_Hongkou":{"name":"虹口"},"CN_Shanghai_Huangpu":{"name":"黄浦"},"CN_Shanghai_Jing":{"name":"静安"},"CN_Shanghai_Jiading":{"name":"嘉定"},"CN_Shanghai_Jinshan":{"name":"金山"},"CN_Shanghai_Luwan":{"name":"卢湾"},"CN_Shanghai_Minhang":{"name":"闵行"},"CN_Shanghai_Pudong New District":{"name":"浦东新区"},"CN_Shanghai_Po":{"name":"普陀"},"CN_Shanghai_Qingpu":{"name":"青浦"},"CN_Shanghai_Songjiang":{"name":"松江"},"CN_Shanghai_Xuhui":{"name":"徐汇"},"CN_Shanghai_Yangpu":{"name":"杨浦"},"CN_Shanghai_Zhabei":{"name":"闸北"}}},"CN_Shaanxi":{"name":"陕西","regions":{"CN_Shaanxi_Ankang":{"name":"安康"},"CN_Shaanxi_Baoji":{"name":"宝鸡"},"CN_Shaanxi_Hanzhong":{"name":"汉中"},"CN_Shaanxi_Shangluo":{"name":"商洛"},"CN_Shaanxi_Tongchuan":{"name":"铜川"},"CN_Shaanxi_Weinan":{"name":"渭南"},"CN_Shaanxi_Xi'an":{"name":"西安"},"CN_Shaanxi_Xianyang":{"name":"咸阳"},"CN_Shaanxi_Yanan":{"name":"延安"},"CN_Shaanxi_Yulin":{"name":"榆林"}}},"CN_Shanxi":{"name":"山西","regions":{"CN_Shanxi_Changzhi":{"name":"长治"},"CN_Shanxi_Datong":{"name":"大同"},"CN_Shanxi_Jincheng":{"name":"晋城"},"CN_Shanxi_Jinzhong":{"name":"晋中"},"CN_Shanxi_Linfen":{"name":"临汾"},"CN_Shanxi_Luliang":{"name":"吕梁"},"CN_Shanxi_Shuozhou":{"name":"朔州"},"CN_Shanxi_Taiyuan":{"name":"太原"},"CN_Shanxi_Xinzhou":{"name":"忻州"},"CN_Shanxi_Yuncheng":{"name":"运城"},"CN_Shanxi_Yangquan":{"name":"阳泉"}}},"CN_Tianjin":{"name":"天津","regions":{"CN_Tianjin_North Star":{"name":"北辰"},"CN_Tianjin_Baodi":{"name":"宝坻"},"CN_Tianjin_Binhai New Area":{"name":"滨海新区"},"CN_Tianjin_Toray":{"name":"东丽"},"CN_Tianjin_Hebei":{"name":"河北"},"CN_Tianjin_east":{"name":"河东"},"CN_Tianjin_Peace":{"name":"和平"},"CN_Tianjin_Red Bridge":{"name":"红桥"},"CN_Tianjin_west":{"name":"河西"},"CN_Tianjin_Jinghai":{"name":"静海"},"CN_Tianjin_Jinnan":{"name":"津南"},"CN_Tianjin_Jixian":{"name":"蓟县"},"CN_Tianjin_Ninghe":{"name":"宁河"},"CN_Tianjin_Nankai":{"name":"南开"},"CN_Tianjin_Wuqing":{"name":"武清"},"CN_Tianjin_West Green":{"name":"西青"}}},"CN_Taiwan":{"name":"台湾","regions":{"CN_Taiwan_Kaohsiung City":{"name":"高雄市"},"CN_Taiwan_Hualien County":{"name":"花莲县"},"CN_Taiwan_Keelung City":{"name":"基隆市"},"CN_Taiwan_Kinmen County":{"name":"金门县"},"CN_Taiwan_Chiayi City":{"name":"嘉义市"},"CN_Taiwan_Chiayi County":{"name":"嘉义县"},"CN_Taiwan_Lianjiang County":{"name":"连江县"},"CN_Taiwan_Miaoli County":{"name":"苗栗县"},"CN_Taiwan_Nantou County":{"name":"南投县"},"CN_Taiwan_Pingtung County":{"name":"屏东县"},"CN_Taiwan_Penghu County":{"name":"澎湖县"},"CN_Taiwan_Taipei":{"name":"台北市"},"CN_Taiwan_Taitung County":{"name":"台东县"},"CN_Taiwan_Tainan City":{"name":"台南市"},"CN_Taiwan_Taoyuan County":{"name":"桃园县"},"CN_Taiwan_Taichung City":{"name":"台中市"},"CN_Taiwan_New Taipei City":{"name":"新北市"},"CN_Taiwan_Hsinchu City":{"name":"新竹市"},"CN_Taiwan_Hsinchu County":{"name":"新竹县"},"CN_Taiwan_Yunlin County":{"name":"云林县"},"CN_Taiwan_Yilan County":{"name":"宜兰县"},"CN_Taiwan_Changhua County":{"name":"彰化县"}}},"CN_Tibet":{"name":"西藏","regions":{"CN_Tibet_Ali":{"name":"阿里"},"CN_Tibet_Qamdo":{"name":"昌都"},"CN_Tibet_Lhasa":{"name":"拉萨"},"CN_Tibet_Nyingchi":{"name":"林芝"},"CN_Tibet_Nagqu":{"name":"那曲"},"CN_Tibet_Shigatse":{"name":"日喀则"},"CN_Tibet_Shannan":{"name":"山南"}}},"CN_Hong Kong":{"name":"香港","regions":{"CN_Hong Kong_North":{"name":"北区"},"CN_Hong Kong_Tai Po":{"name":"大埔区"},"CN_Hong Kong_Eastern":{"name":"东区"},"CN_Hong Kong_Kwun Tong":{"name":"观塘区"},"CN_Hong Kong_Wong Tai Sin":{"name":"黄大仙区"},"CN_Hong Kong_Kowloon City":{"name":"九龙城区"},"CN_Hong Kong_Kwai Tsing":{"name":"葵青区"},"CN_Hong Kong_Islands":{"name":"离岛区"},"CN_Hong Kong_Southern":{"name":"南区"},"CN_Hong Kong_Tsuen Wan":{"name":"荃湾区"},"CN_Hong Kong_Sham Shui Po":{"name":"深水埗区"},"CN_Hong Kong_Sha Tin":{"name":"沙田区"},"CN_Hong Kong_Tuen Mun":{"name":"屯门区"},"CN_Hong Kong_Wan Chai":{"name":"湾仔区"},"CN_Hong Kong_Sai Kung":{"name":"西贡区"},"CN_Hong Kong_Yau Tsim Mong":{"name":"油尖旺区"},"CN_Hong Kong_Yuen Long":{"name":"元朗区"},"CN_Hong Kong_Central and Western":{"name":"中西区"}}},"CN_Xinjiang":{"name":"新疆","regions":{"CN_Xinjiang_Aksu":{"name":"阿克苏"},"CN_Xinjiang_Arar":{"name":"阿拉尔"},"CN_Xinjiang_Altay":{"name":"阿勒泰"},"CN_Xinjiang_Bortala":{"name":"博尔塔拉"},"CN_Xinjiang_Bayingolin":{"name":"巴音郭楞"},"CN_Xinjiang_Changji":{"name":"昌吉"},"CN_Xinjiang_Hamilton":{"name":"哈密"},"CN_Xinjiang_Hotan":{"name":"和田"},"CN_Xinjiang_Karamay":{"name":"克拉玛依"},"CN_Xinjiang_Kashgar":{"name":"喀什"},"CN_Xinjiang_Kizilsu":{"name":"克孜勒苏"},"CN_Xinjiang_Shihezi":{"name":"石河子"},"CN_Xinjiang_Tacheng":{"name":"塔城"},"CN_Xinjiang_Turpan":{"name":"吐鲁番"},"CN_Xinjiang_Figure wooden Shook":{"name":"图木舒克"},"CN_Xinjiang_Wujiaqu":{"name":"五家渠"},"CN_Xinjiang_Urumqi":{"name":"乌鲁木齐"},"CN_Xinjiang_Ili":{"name":"伊犁"}}},"CN_Yunnan":{"name":"云南","regions":{"CN_Yunnan_Baoshan":{"name":"保山"},"CN_Yunnan_Chuxiong":{"name":"楚雄"},"CN_Yunnan_Devon":{"name":"德宏"},"CN_Yunnan_Dali":{"name":"大理"},"CN_Yunnan_Diqing":{"name":"迪庆"},"CN_Yunnan_Red":{"name":"红河"},"CN_Yunnan_Kunming":{"name":"昆明"},"CN_Yunnan_Lincang":{"name":"临沧"},"CN_Yunnan_Lijiang":{"name":"丽江"},"CN_Yunnan_Nu":{"name":"怒江"},"CN_Yunnan_Pu'er":{"name":"普洱"},"CN_Yunnan_Qujing":{"name":"曲靖"},"CN_Yunnan_Wenshan":{"name":"文山"},"CN_Yunnan_Xishuangbanna":{"name":"西双版纳"},"CN_Yunnan_Yuxi":{"name":"玉溪"},"CN_Yunnan_Zhaotong":{"name":"昭通"}}},"CN_Zhejiang":{"name":"浙江","regions":{"CN_Zhejiang_Huzhou":{"name":"湖州"},"CN_Zhejiang_Hangzhou":{"name":"杭州"},"CN_Zhejiang_Jinhua":{"name":"金华"},"CN_Zhejiang_Jiaxing":{"name":"嘉兴"},"CN_Zhejiang_Lishui":{"name":"丽水"},"CN_Zhejiang_Ningbo":{"name":"宁波"},"CN_Zhejiang_Quzhou":{"name":"衢州"},"CN_Zhejiang_Shaoxing":{"name":"绍兴"},"CN_Zhejiang_Taizhou":{"name":"台州"},"CN_Zhejiang_Wenzhou":{"name":"温州"},"CN_Zhejiang_Zhoushan":{"name":"舟山"}}}}},"MO":{"name":"中国澳门","regions":{"MO_Cathedral":{"name":"大堂区"},"MO_Taipa":{"name":"氹仔"},"MO_St. Lawrence":{"name":"风顺堂区"},"MO_Fatima":{"name":"花地玛堂区"},"MO_Coloane":{"name":"路环岛"},"MO_St. Anthony":{"name":"圣安多尼堂区"},"MO_St. Lazarus":{"name":"望德堂区"}}},"TW":{"name":"中国台湾","regions":{"TW_Kaohsiung City":{"name":"高雄市"},"TW_Hualien County":{"name":"花莲县"},"TW_Keelung City":{"name":"基隆市"},"TW_Kinmen County":{"name":"金门县"},"TW_Chiayi City":{"name":"嘉义市"},"TW_Chiayi County":{"name":"嘉义县"},"TW_Lianjiang County":{"name":"连江县"},"TW_Miaoli County":{"name":"苗栗县"},"TW_Nantou County":{"name":"南投县"},"TW_Pingtung County":{"name":"屏东县"},"TW_Penghu County":{"name":"澎湖县"},"TW_Taipei":{"name":"台北市"},"TW_Taitung County":{"name":"台东县"},"TW_Tainan City":{"name":"台南市"},"TW_Taoyuan County":{"name":"桃园县"},"TW_Taichung City":{"name":"台中市"},"TW_New Taipei City":{"name":"新北市"},"TW_Hsinchu City":{"name":"新竹市"},"TW_Hsinchu County":{"name":"新竹县"},"TW_Yunlin County":{"name":"云林县"},"TW_Yilan County":{"name":"宜兰县"},"TW_Changhua County":{"name":"彰化县"}}},"HK":{"name":"中国香港","regions":{"HK_North":{"name":"北区"},"HK_Tai Po":{"name":"大埔区"},"HK_Eastern":{"name":"东区"},"HK_Kwun Tong":{"name":"观塘区"},"HK_Wong Tai Sin":{"name":"黄大仙区"},"HK_Kowloon City":{"name":"九龙城区"},"HK_Kwai Tsing":{"name":"葵青区"},"HK_Islands":{"name":"离岛区"},"HK_Southern":{"name":"南区"},"HK_Tsuen Wan":{"name":"荃湾区"},"HK_Sham Shui Po":{"name":"深水埗区"},"HK_Sha Tin":{"name":"沙田区"},"HK_Tuen Mun":{"name":"屯门区"},"HK_Wan Chai":{"name":"湾仔区"},"HK_Sai Kung":{"name":"西贡区"},"HK_Yau Tsim Mong":{"name":"油尖旺区"},"HK_Yuen Long":{"name":"元朗区"},"HK_Central and Western":{"name":"中西区"}}},"CL":{"name":"智利"},"JE":{"name":"泽西岛"}}